9.559826379963292098e-01,5.299727245307896129e-03,1.133306438726138692e-03,5.613954406707611158e-03,2.299804685103603100e-03,3.969480673507190180e-03,3.260115360700847724e-03,2.217088287260880752e-03,2.536872673728987008e-03,1.022241732417956961e-02,9.546621701194780985e-03,7.905551063848359136e-04,4.011836781587781002e-03,5.685681321526861280e-03,1.106973522225690671e-03,7.745872135452273747e-04,3.782489124081635581e-03,6.468014581652341971e-03
1.221908858239611876e-04,8.260184325063407718e-02,0.000000000000000000e+00,0.000000000000000000e+00,0.000000000000000000e+00,1.100927531445242656e-03,0.000000000000000000e+00,0.000000000000000000e+00,0.000000000000000000e+00,0.000000000000000000e+00,0.000000000000000000e+00,0.000000000000000000e+00,0.000000000000000000e+00,0.000000000000000000e+00,0.000000000000000000e+00,0.000000000000000000e+00,0.000000000000000000e+00,0.000000000000000000e+00
9.200523133970307452e-05,0.000000000000000000e+00,0.000000000000000000e+00,0.000000000000000000e+00,0.000000000000000000e+00,9.423598702931640023e-03,8.763561692563908573e-03,0.000000000000000000e+00,0.000000000000000000e+00,0.000000000000000000e+00,0.000000000000000000e+00,0.000000000000000000e+00,0.000000000000000000e+00,0.000000000000000000e+00,5.125495376486129129e-02,7.731958762886598224e-03,3.964244859945537103e-02,5.954011922834820392e-02
2.044066643051380193e-04,0.000000000000000000e+00,9.435407560942639382e-02,0.000000000000000000e+00,0.000000000000000000e+00,0.000000000000000000e+00,0.000000000000000000e+00,0.000000000000000000e+00,0.000000000000000000e+00,0.000000000000000000e+00,0.000000000000000000e+00,1.039711191335740137e-01,0.000000000000000000e+00,0.000000000000000000e+00,0.000000000000000000e+00,7.452690867877871661e-02,2.474089607613824335e-02,0.000000000000000000e+00
9.969446901436287024e-04,0.000000000000000000e+00,0.000000000000000000e+00,0.000000000000000000e+00,4.078268654171344348e-02,0.000000000000000000e+00,0.000000000000000000e+00,5.332476710568583023e-02,0.000000000000000000e+00,0.000000000000000000e+00,0.000000000000000000e+00,0.000000000000000000e+00,0.000000000000000000e+00,0.000000000000000000e+00,5.374636601275255190e-04,0.000000000000000000e+00,0.000000000000000000e+00,8.572014236997558710e-04
1.247510447089922715e-04,0.000000000000000000e+00,0.000000000000000000e+00,0.000000000000000000e+00,0.000000000000000000e+00,0.000000000000000000e+00,0.000000000000000000e+00,0.000000000000000000e+00,0.000000000000000000e+00,0.000000000000000000e+00,0.000000000000000000e+00,0.000000000000000000e+00,0.000000000000000000e+00,0.000000000000000000e+00,0.000000000000000000e+00,0.000000000000000000e+00,1.082511229156838950e-01,6.200882361206081113e-03
2.886527400628621483e-04,0.000000000000000000e+00,0.000000000000000000e+00,3.120980879705050060e-02,0.000000000000000000e+00,0.000000000000000000e+00,5.923000987166831231e-03,7.346072186836517803e-02,9.521380600187027976e-03,0.000000000000000000e+00,0.000000000000000000e+00,9.763086868148346253e-02,0.000000000000000000e+00,0.000000000000000000e+00,0.000000000000000000e+00,0.000000000000000000e+00,5.915181962746507774e-03,0.000000000000000000e+00
1.542207897400407757e-04,0.000000000000000000e+00,0.000000000000000000e+00,0.000000000000000000e+00,0.000000000000000000e+00,0.000000000000000000e+00,0.000000000000000000e+00,0.000000000000000000e+00,1.681944087495359716e-02,0.000000000000000000e+00,0.000000000000000000e+00,0.000000000000000000e+00,9.311302669500918713e-03,1.099668273287330855e-01,0.000000000000000000e+00,0.000000000000000000e+00,9.328947234415260401e-03,5.957145782526946515e-04
4.008006941595854285e-04,0.000000000000000000e+00,0.000000000000000000e+00,1.145870730529729986e-01,8.694784554641732388e-03,0.000000000000000000e+00,5.678740829490062404e-03,5.369415807560137355e-05,0.000000000000000000e+00,0.000000000000000000e+00,0.000000000000000000e+00,0.000000000000000000e+00,0.000000000000000000e+00,0.000000000000000000e+00,0.000000000000000000e+00,0.000000000000000000e+00,0.000000000000000000e+00,0.000000000000000000e+00
2.055845112726410392e-03,0.000000000000000000e+00,0.000000000000000000e+00,0.000000000000000000e+00,0.000000000000000000e+00,0.000000000000000000e+00,0.000000000000000000e+00,0.000000000000000000e+00,0.000000000000000000e+00,0.000000000000000000e+00,0.000000000000000000e+00,0.000000000000000000e+00,0.000000000000000000e+00,0.000000000000000000e+00,0.000000000000000000e+00,0.000000000000000000e+00,0.000000000000000000e+00,0.000000000000000000e+00
1.745031884503193314e-03,0.000000000000000000e+00,0.000000000000000000e+00,0.000000000000000000e+00,0.000000000000000000e+00,3.333333333333333547e-03,0.000000000000000000e+00,0.000000000000000000e+00,0.000000000000000000e+00,0.000000000000000000e+00,0.000000000000000000e+00,0.000000000000000000e+00,0.000000000000000000e+00,0.000000000000000000e+00,0.000000000000000000e+00,0.000000000000000000e+00,0.000000000000000000e+00,0.000000000000000000e+00
2.951062252836388609e-04,0.000000000000000000e+00,0.000000000000000000e+00,0.000000000000000000e+00,7.685750618353572212e-03,0.000000000000000000e+00,0.000000000000000000e+00,0.000000000000000000e+00,0.000000000000000000e+00,0.000000000000000000e+00,0.000000000000000000e+00,0.000000000000000000e+00,0.000000000000000000e+00,7.283354452778063003e-03,1.108710619405997022e-01,0.000000000000000000e+00,0.000000000000000000e+00,7.204600328068268278e-02
5.250826640555148795e-05,0.000000000000000000e+00,0.000000000000000000e+00,0.000000000000000000e+00,0.000000000000000000e+00,0.000000000000000000e+00,0.000000000000000000e+00,0.000000000000000000e+00,0.000000000000000000e+00,0.000000000000000000e+00,1.369988966531813200e-02,0.000000000000000000e+00,0.000000000000000000e+00,8.727948003714020020e-02,0.000000000000000000e+00,0.000000000000000000e+00,6.689103033090156979e-04,0.000000000000000000e+00
1.513101449726151433e-04,0.000000000000000000e+00,0.000000000000000000e+00,6.676145144340731074e-04,0.000000000000000000e+00,0.000000000000000000e+00,0.000000000000000000e+00,8.768966811431022634e-02,6.634012202457678642e-02,0.000000000000000000e+00,0.000000000000000000e+00,0.000000000000000000e+00,4.864970901719741121e-03,2.526042571928482916e-03,1.077770973668095615e-03,0.000000000000000000e+00,0.000000000000000000e+00,1.025947135742132955e-03
1.577557351660208976e-04,0.000000000000000000e+00,0.000000000000000000e+00,0.000000000000000000e+00,0.000000000000000000e+00,2.586240883106643088e-02,9.296808630003045764e-04,0.000000000000000000e+00,1.489349744281459002e-03,0.000000000000000000e+00,0.000000000000000000e+00,0.000000000000000000e+00,0.000000000000000000e+00,4.221286693819808339e-03,2.148192056905749714e-02,6.228633939559688470e-02,9.234517684725591924e-02,2.118487952251123935e-03
1.476591200410956465e-03,0.000000000000000000e+00,0.000000000000000000e+00,0.000000000000000000e+00,0.000000000000000000e+00,0.000000000000000000e+00,0.000000000000000000e+00,0.000000000000000000e+00,0.000000000000000000e+00,0.000000000000000000e+00,5.225253879183043224e-03,0.000000000000000000e+00,0.000000000000000000e+00,0.000000000000000000e+00,0.000000000000000000e+00,0.000000000000000000e+00,0.000000000000000000e+00,0.000000000000000000e+00
9.816394545194777170e-05,1.531244288296338373e-02,0.000000000000000000e+00,0.000000000000000000e+00,0.000000000000000000e+00,1.056292225806023388e-01,2.592851000308286566e-02,1.063858081331950253e-04,0.000000000000000000e+00,0.000000000000000000e+00,0.000000000000000000e+00,0.000000000000000000e+00,3.135259995587796195e-02,0.000000000000000000e+00,0.000000000000000000e+00,0.000000000000000000e+00,0.000000000000000000e+00,0.000000000000000000e+00
7.970478126626597687e-05,0.000000000000000000e+00,0.000000000000000000e+00,0.000000000000000000e+00,2.276219199908951325e-04,4.814636494944631896e-03,3.930302633302764498e-02,3.189023328107622700e-03,2.863319446234019062e-05,0.000000000000000000e+00,0.000000000000000000e+00,0.000000000000000000e+00,9.846781362756890088e-02,2.224075618571031560e-02,0.000000000000000000e+00,0.000000000000000000e+00,0.000000000000000000e+00,0.000000000000000000e+00
1.854821344638540783e-03,0.000000000000000000e+00,0.000000000000000000e+00,0.000000000000000000e+00,0.000000000000000000e+00,0.000000000000000000e+00,0.000000000000000000e+00,0.000000000000000000e+00,0.000000000000000000e+00,0.000000000000000000e+00,0.000000000000000000e+00,0.000000000000000000e+00,0.000000000000000000e+00,0.000000000000000000e+00,0.000000000000000000e+00,0.000000000000000000e+00,0.000000000000000000e+00,0.000000000000000000e+00
1.907953087029223068e-04,0.000000000000000000e+00,9.145099448837766543e-02,0.000000000000000000e+00,0.000000000000000000e+00,7.879289288106212377e-05,0.000000000000000000e+00,0.000000000000000000e+00,0.000000000000000000e+00,0.000000000000000000e+00,0.000000000000000000e+00,7.658436348217488587e-02,0.000000000000000000e+00,0.000000000000000000e+00,0.000000000000000000e+00,8.448781819422643280e-02,3.622568602392908094e-02,0.000000000000000000e+00
2.693043586472949088e-04,0.000000000000000000e+00,0.000000000000000000e+00,0.000000000000000000e+00,0.000000000000000000e+00,0.000000000000000000e+00,0.000000000000000000e+00,2.526327276695585627e-02,8.951346934010448453e-02,0.000000000000000000e+00,0.000000000000000000e+00,0.000000000000000000e+00,0.000000000000000000e+00,0.000000000000000000e+00,7.589364770168736864e-04,0.000000000000000000e+00,0.000000000000000000e+00,6.004418345575046091e-03
4.024559534317633035e-04,0.000000000000000000e+00,0.000000000000000000e+00,1.086281889901167808e-01,0.000000000000000000e+00,0.000000000000000000e+00,4.735961847356306986e-03,1.676672616150143421e-03,0.000000000000000000e+00,0.000000000000000000e+00,0.000000000000000000e+00,0.000000000000000000e+00,0.000000000000000000e+00,0.000000000000000000e+00,0.000000000000000000e+00,0.000000000000000000e+00,0.000000000000000000e+00,0.000000000000000000e+00
1.616966810055005992e-04,0.000000000000000000e+00,0.000000000000000000e+00,0.000000000000000000e+00,0.000000000000000000e+00,0.000000000000000000e+00,0.000000000000000000e+00,0.000000000000000000e+00,8.680555555555555887e-05,0.000000000000000000e+00,0.000000000000000000e+00,0.000000000000000000e+00,0.000000000000000000e+00,0.000000000000000000e+00,0.000000000000000000e+00,0.000000000000000000e+00,1.079252809162031812e-01,0.000000000000000000e+00
7.453377100859908712e-05,0.000000000000000000e+00,0.000000000000000000e+00,0.000000000000000000e+00,0.000000000000000000e+00,0.000000000000000000e+00,0.000000000000000000e+00,0.000000000000000000e+00,5.106952260466198629e-02,0.000000000000000000e+00,0.000000000000000000e+00,0.000000000000000000e+00,8.656447249774572306e-02,1.876876876876876861e-04,0.000000000000000000e+00,0.000000000000000000e+00,0.000000000000000000e+00,2.675081241463759304e-03
4.245351502141471786e-05,0.000000000000000000e+00,0.000000000000000000e+00,2.512910075512947913e-05,8.203685713871448904e-02,0.000000000000000000e+00,0.000000000000000000e+00,5.191793528673541852e-02,0.000000000000000000e+00,0.000000000000000000e+00,0.000000000000000000e+00,0.000000000000000000e+00,0.000000000000000000e+00,0.000000000000000000e+00,1.482455918439626666e-02,0.000000000000000000e+00,0.000000000000000000e+00,0.000000000000000000e+00
1.545718263195962111e-04,0.000000000000000000e+00,0.000000000000000000e+00,0.000000000000000000e+00,0.000000000000000000e+00,0.000000000000000000e+00,0.000000000000000000e+00,0.000000000000000000e+00,5.197366512949911505e-02,0.000000000000000000e+00,0.000000000000000000e+00,0.000000000000000000e+00,8.568669726590917579e-02,1.896133993468871771e-03,0.000000000000000000e+00,0.000000000000000000e+00,0.000000000000000000e+00,0.000000000000000000e+00
3.894518174067142235e-04,9.990297707195015808e-02,0.000000000000000000e+00,0.000000000000000000e+00,0.000000000000000000e+00,1.035146846413095845e-02,0.000000000000000000e+00,0.000000000000000000e+00,0.000000000000000000e+00,0.000000000000000000e+00,0.000000000000000000e+00,0.000000000000000000e+00,0.000000000000000000e+00,0.000000000000000000e+00,0.000000000000000000e+00,0.000000000000000000e+00,0.000000000000000000e+00,0.000000000000000000e+00
4.861897793184591474e-04,0.000000000000000000e+00,0.000000000000000000e+00,0.000000000000000000e+00,0.000000000000000000e+00,0.000000000000000000e+00,0.000000000000000000e+00,0.000000000000000000e+00,0.000000000000000000e+00,9.382397245534754293e-02,0.000000000000000000e+00,0.000000000000000000e+00,0.000000000000000000e+00,0.000000000000000000e+00,0.000000000000000000e+00,1.172791243158717838e-03,0.000000000000000000e+00,0.000000000000000000e+00
1.885698483616536354e-04,0.000000000000000000e+00,0.000000000000000000e+00,1.206001581965592262e-01,0.000000000000000000e+00,3.744717273845824435e-04,3.291628455391065050e-02,0.000000000000000000e+00,0.000000000000000000e+00,0.000000000000000000e+00,0.000000000000000000e+00,0.000000000000000000e+00,0.000000000000000000e+00,0.000000000000000000e+00,0.000000000000000000e+00,0.000000000000000000e+00,0.000000000000000000e+00,0.000000000000000000e+00
1.678968024572572251e-04,0.000000000000000000e+00,0.000000000000000000e+00,1.119735335284387234e-03,0.000000000000000000e+00,0.000000000000000000e+00,0.000000000000000000e+00,2.030176050007606245e-02,1.048469501088453507e-02,0.000000000000000000e+00,0.000000000000000000e+00,8.902077151335312244e-02,2.022381016583524229e-03,4.761564650144037189e-05,0.000000000000000000e+00,0.000000000000000000e+00,2.111248144819080630e-02,4.212613059100482789e-03
1.697470176392039832e-03,0.000000000000000000e+00,0.000000000000000000e+00,0.000000000000000000e+00,0.000000000000000000e+00,0.000000000000000000e+00,0.000000000000000000e+00,0.000000000000000000e+00,0.000000000000000000e+00,0.000000000000000000e+00,0.000000000000000000e+00,0.000000000000000000e+00,0.000000000000000000e+00,0.000000000000000000e+00,0.000000000000000000e+00,0.000000000000000000e+00,0.000000000000000000e+00,0.000000000000000000e+00
5.119989215617651990e-05,0.000000000000000000e+00,0.000000000000000000e+00,2.499343922220417335e-04,0.000000000000000000e+00,1.146167485551088938e-01,3.210742359530021489e-02,0.000000000000000000e+00,0.000000000000000000e+00,0.000000000000000000e+00,0.000000000000000000e+00,0.000000000000000000e+00,2.804195711696935104e-03,2.692042089492842783e-03,0.000000000000000000e+00,0.000000000000000000e+00,0.000000000000000000e+00,0.000000000000000000e+00
1.727465848113618691e-04,0.000000000000000000e+00,0.000000000000000000e+00,0.000000000000000000e+00,0.000000000000000000e+00,0.000000000000000000e+00,0.000000000000000000e+00,0.000000000000000000e+00,0.000000000000000000e+00,7.018479981502231957e-02,0.000000000000000000e+00,0.000000000000000000e+00,0.000000000000000000e+00,0.000000000000000000e+00,0.000000000000000000e+00,0.000000000000000000e+00,0.000000000000000000e+00,3.956148260642589065e-02
9.852152889856819883e-05,0.000000000000000000e+00,0.000000000000000000e+00,0.000000000000000000e+00,1.000683606533533075e-02,0.000000000000000000e+00,0.000000000000000000e+00,5.264598040825261421e-02,2.321768408724930385e-02,0.000000000000000000e+00,0.000000000000000000e+00,0.000000000000000000e+00,0.000000000000000000e+00,3.066435504605550112e-04,4.130949049932592515e-02,0.000000000000000000e+00,0.000000000000000000e+00,1.420922180387111482e-02
6.059972665310464521e-05,0.000000000000000000e+00,0.000000000000000000e+00,0.000000000000000000e+00,1.243529309696636770e-03,0.000000000000000000e+00,2.379442683130318648e-02,0.000000000000000000e+00,0.000000000000000000e+00,0.000000000000000000e+00,0.000000000000000000e+00,0.000000000000000000e+00,9.121791979617292767e-02,1.615137216235885270e-02,0.000000000000000000e+00,0.000000000000000000e+00,0.000000000000000000e+00,5.239796062613677821e-03
2.835610733839854570e-04,0.000000000000000000e+00,0.000000000000000000e+00,0.000000000000000000e+00,8.368225084392158508e-02,0.000000000000000000e+00,0.000000000000000000e+00,3.931190534609198262e-02,1.166520851560221608e-04,0.000000000000000000e+00,0.000000000000000000e+00,0.000000000000000000e+00,5.317522566236390196e-05,0.000000000000000000e+00,0.000000000000000000e+00,0.000000000000000000e+00,0.000000000000000000e+00,0.000000000000000000e+00
1.378125658353185129e-03,6.260695354564046783e-05,0.000000000000000000e+00,0.000000000000000000e+00,0.000000000000000000e+00,3.989379995322795899e-03,0.000000000000000000e+00,0.000000000000000000e+00,0.000000000000000000e+00,0.000000000000000000e+00,0.000000000000000000e+00,0.000000000000000000e+00,2.687702417588324662e-05,0.000000000000000000e+00,0.000000000000000000e+00,0.000000000000000000e+00,0.000000000000000000e+00,0.000000000000000000e+00
1.908104779544883382e-03,0.000000000000000000e+00,9.627619617041499947e-03,0.000000000000000000e+00,0.000000000000000000e+00,0.000000000000000000e+00,0.000000000000000000e+00,0.000000000000000000e+00,0.000000000000000000e+00,0.000000000000000000e+00,0.000000000000000000e+00,0.000000000000000000e+00,0.000000000000000000e+00,0.000000000000000000e+00,0.000000000000000000e+00,8.283213886988150670e-03,0.000000000000000000e+00,0.000000000000000000e+00
3.473390009208371398e-04,0.000000000000000000e+00,0.000000000000000000e+00,0.000000000000000000e+00,0.000000000000000000e+00,0.000000000000000000e+00,0.000000000000000000e+00,0.000000000000000000e+00,5.508219295980721665e-03,0.000000000000000000e+00,0.000000000000000000e+00,0.000000000000000000e+00,1.058187199601870118e-02,1.082686529068485892e-01,0.000000000000000000e+00,0.000000000000000000e+00,2.247994686558013686e-04,0.000000000000000000e+00
1.604145500857974687e-04,0.000000000000000000e+00,0.000000000000000000e+00,0.000000000000000000e+00,0.000000000000000000e+00,5.169857012638940383e-04,1.672380633832260119e-03,0.000000000000000000e+00,0.000000000000000000e+00,0.000000000000000000e+00,0.000000000000000000e+00,0.000000000000000000e+00,5.984871648299057434e-02,4.081872582560340523e-02,7.275850744006264956e-03,0.000000000000000000e+00,0.000000000000000000e+00,9.738053898995999158e-03
2.445614236260587842e-04,0.000000000000000000e+00,0.000000000000000000e+00,0.000000000000000000e+00,0.000000000000000000e+00,0.000000000000000000e+00,0.000000000000000000e+00,0.000000000000000000e+00,1.145290525018210354e-01,0.000000000000000000e+00,0.000000000000000000e+00,0.000000000000000000e+00,0.000000000000000000e+00,1.554622326925922046e-02,0.000000000000000000e+00,0.000000000000000000e+00,4.788073016606556043e-02,2.022356228857184832e-03
1.396190422483721679e-03,1.912403600307647578e-03,0.000000000000000000e+00,0.000000000000000000e+00,0.000000000000000000e+00,7.855373540802781593e-03,0.000000000000000000e+00,0.000000000000000000e+00,0.000000000000000000e+00,5.672551939303693922e-04,0.000000000000000000e+00,0.000000000000000000e+00,0.000000000000000000e+00,0.000000000000000000e+00,0.000000000000000000e+00,5.795333231660820469e-03,0.000000000000000000e+00,0.000000000000000000e+00
8.267432976650337169e-05,0.000000000000000000e+00,0.000000000000000000e+00,0.000000000000000000e+00,0.000000000000000000e+00,0.000000000000000000e+00,0.000000000000000000e+00,0.000000000000000000e+00,1.299864850500356828e-02,0.000000000000000000e+00,2.854410710016734229e-02,0.000000000000000000e+00,0.000000000000000000e+00,2.810571831122771203e-02,0.000000000000000000e+00,0.000000000000000000e+00,0.000000000000000000e+00,9.104204399074083531e-04
1.312695172247484838e-04,0.000000000000000000e+00,0.000000000000000000e+00,0.000000000000000000e+00,0.000000000000000000e+00,0.000000000000000000e+00,0.000000000000000000e+00,0.000000000000000000e+00,0.000000000000000000e+00,9.816456262870444649e-02,0.000000000000000000e+00,0.000000000000000000e+00,0.000000000000000000e+00,0.000000000000000000e+00,0.000000000000000000e+00,0.000000000000000000e+00,0.000000000000000000e+00,2.030921058898615961e-02
3.272704060388842667e-04,8.459785220016016738e-02,2.580227503930454178e-02,0.000000000000000000e+00,0.000000000000000000e+00,0.000000000000000000e+00,0.000000000000000000e+00,0.000000000000000000e+00,0.000000000000000000e+00,0.000000000000000000e+00,0.000000000000000000e+00,0.000000000000000000e+00,0.000000000000000000e+00,0.000000000000000000e+00,0.000000000000000000e+00,0.000000000000000000e+00,0.000000000000000000e+00,0.000000000000000000e+00
1.767407088391256039e-03,0.000000000000000000e+00,0.000000000000000000e+00,0.000000000000000000e+00,0.000000000000000000e+00,0.000000000000000000e+00,0.000000000000000000e+00,0.000000000000000000e+00,0.000000000000000000e+00,0.000000000000000000e+00,0.000000000000000000e+00,0.000000000000000000e+00,0.000000000000000000e+00,0.000000000000000000e+00,0.000000000000000000e+00,0.000000000000000000e+00,0.000000000000000000e+00,0.000000000000000000e+00
1.639549298914462700e-04,0.000000000000000000e+00,0.000000000000000000e+00,0.000000000000000000e+00,0.000000000000000000e+00,0.000000000000000000e+00,0.000000000000000000e+00,5.654281098546042354e-04,1.151112262223373339e-04,0.000000000000000000e+00,0.000000000000000000e+00,1.062528084062078770e-01,0.000000000000000000e+00,0.000000000000000000e+00,0.000000000000000000e+00,0.000000000000000000e+00,8.317545494577517629e-02,0.000000000000000000e+00
2.203391395499036155e-03,0.000000000000000000e+00,0.000000000000000000e+00,0.000000000000000000e+00,0.000000000000000000e+00,0.000000000000000000e+00,0.000000000000000000e+00,0.000000000000000000e+00,0.000000000000000000e+00,0.000000000000000000e+00,4.669462579445717194e-03,0.000000000000000000e+00,0.000000000000000000e+00,0.000000000000000000e+00,0.000000000000000000e+00,0.000000000000000000e+00,6.095578673602080759e-05,0.000000000000000000e+00
1.601899728658792970e-03,0.000000000000000000e+00,3.636475039443653329e-02,0.000000000000000000e+00,0.000000000000000000e+00,0.000000000000000000e+00,0.000000000000000000e+00,0.000000000000000000e+00,0.000000000000000000e+00,0.000000000000000000e+00,0.000000000000000000e+00,0.000000000000000000e+00,0.000000000000000000e+00,0.000000000000000000e+00,0.000000000000000000e+00,1.732504223428345605e-02,0.000000000000000000e+00,0.000000000000000000e+00
1.581259995272421505e-04,0.000000000000000000e+00,0.000000000000000000e+00,0.000000000000000000e+00,2.865083230667850840e-05,0.000000000000000000e+00,0.000000000000000000e+00,0.000000000000000000e+00,0.000000000000000000e+00,5.657070470439204239e-03,0.000000000000000000e+00,0.000000000000000000e+00,0.000000000000000000e+00,5.826984459821532569e-02,6.787890799187435396e-03,0.000000000000000000e+00,2.073548413561129844e-02,3.171629558163714668e-02
2.128970919618224122e-04,0.000000000000000000e+00,0.000000000000000000e+00,1.692271212669570202e-02,0.000000000000000000e+00,0.000000000000000000e+00,1.291949370448400025e-01,0.000000000000000000e+00,0.000000000000000000e+00,0.000000000000000000e+00,0.000000000000000000e+00,0.000000000000000000e+00,1.077811092472493425e-02,1.402770471681571204e-03,0.000000000000000000e+00,0.000000000000000000e+00,0.000000000000000000e+00,0.000000000000000000e+00
9.332026201607732671e-05,0.000000000000000000e+00,0.000000000000000000e+00,0.000000000000000000e+00,0.000000000000000000e+00,0.000000000000000000e+00,0.000000000000000000e+00,0.000000000000000000e+00,0.000000000000000000e+00,0.000000000000000000e+00,9.219232465813850808e-02,0.000000000000000000e+00,0.000000000000000000e+00,0.000000000000000000e+00,0.000000000000000000e+00,0.000000000000000000e+00,7.211272227577578131e-02,1.873378356859843304e-03
1.408928659981467093e-03,0.000000000000000000e+00,0.000000000000000000e+00,0.000000000000000000e+00,0.000000000000000000e+00,0.000000000000000000e+00,0.000000000000000000e+00,0.000000000000000000e+00,0.000000000000000000e+00,0.000000000000000000e+00,0.000000000000000000e+00,0.000000000000000000e+00,0.000000000000000000e+00,0.000000000000000000e+00,0.000000000000000000e+00,0.000000000000000000e+00,0.000000000000000000e+00,0.000000000000000000e+00
2.738210101726935722e-04,0.000000000000000000e+00,0.000000000000000000e+00,0.000000000000000000e+00,2.880682145532062024e-05,0.000000000000000000e+00,0.000000000000000000e+00,0.000000000000000000e+00,3.458722910777705523e-02,1.816625617914723392e-03,0.000000000000000000e+00,0.000000000000000000e+00,0.000000000000000000e+00,3.627258260788167928e-03,1.600480144043213079e-02,0.000000000000000000e+00,2.408993576017130593e-03,5.514142563051672996e-02
2.205940588286455504e-04,2.081048172038682531e-02,1.855824320483477619e-01,0.000000000000000000e+00,0.000000000000000000e+00,0.000000000000000000e+00,0.000000000000000000e+00,0.000000000000000000e+00,0.000000000000000000e+00,0.000000000000000000e+00,0.000000000000000000e+00,1.301236174365647457e-03,0.000000000000000000e+00,0.000000000000000000e+00,0.000000000000000000e+00,0.000000000000000000e+00,0.000000000000000000e+00,0.000000000000000000e+00
1.765763243872315517e-04,0.000000000000000000e+00,0.000000000000000000e+00,0.000000000000000000e+00,0.000000000000000000e+00,0.000000000000000000e+00,0.000000000000000000e+00,7.511360598770382146e-02,8.849481709928895545e-02,0.000000000000000000e+00,0.000000000000000000e+00,0.000000000000000000e+00,5.164251900731602063e-03,0.000000000000000000e+00,0.000000000000000000e+00,0.000000000000000000e+00,3.462709672162869647e-04,0.000000000000000000e+00
1.153638010428109943e-04,0.000000000000000000e+00,0.000000000000000000e+00,0.000000000000000000e+00,0.000000000000000000e+00,0.000000000000000000e+00,0.000000000000000000e+00,4.617557583659278350e-04,1.028322440087145982e-02,0.000000000000000000e+00,0.000000000000000000e+00,0.000000000000000000e+00,1.960446663929105854e-02,5.559657326348603490e-02,0.000000000000000000e+00,0.000000000000000000e+00,5.278296100040206183e-03,2.609039399130320264e-02
2.113554611479551474e-04,0.000000000000000000e+00,0.000000000000000000e+00,0.000000000000000000e+00,0.000000000000000000e+00,0.000000000000000000e+00,0.000000000000000000e+00,0.000000000000000000e+00,1.138218687753665519e-02,0.000000000000000000e+00,7.279872742584447831e-02,0.000000000000000000e+00,2.015964257498569639e-03,4.564564564564564490e-04,0.000000000000000000e+00,0.000000000000000000e+00,2.191272834537830953e-03,1.184636209164130656e-02
5.054648526958772968e-04,0.000000000000000000e+00,9.148400564867686588e-03,0.000000000000000000e+00,0.000000000000000000e+00,0.000000000000000000e+00,0.000000000000000000e+00,0.000000000000000000e+00,0.000000000000000000e+00,0.000000000000000000e+00,0.000000000000000000e+00,7.369399772719446157e-03,0.000000000000000000e+00,0.000000000000000000e+00,0.000000000000000000e+00,7.209419923427003163e-02,6.698241558149288510e-02,0.000000000000000000e+00
4.205561222911107129e-04,0.000000000000000000e+00,0.000000000000000000e+00,0.000000000000000000e+00,0.000000000000000000e+00,0.000000000000000000e+00,0.000000000000000000e+00,5.708083772159022046e-02,8.598548297040758959e-02,0.000000000000000000e+00,0.000000000000000000e+00,0.000000000000000000e+00,5.229305025362129426e-05,0.000000000000000000e+00,0.000000000000000000e+00,0.000000000000000000e+00,0.000000000000000000e+00,8.764977388223227188e-04
4.490173372202813898e-04,0.000000000000000000e+00,0.000000000000000000e+00,1.281397799397162307e-01,8.395075640194945774e-03,0.000000000000000000e+00,8.095068484279377419e-03,7.964637011668193427e-05,0.000000000000000000e+00,0.000000000000000000e+00,0.000000000000000000e+00,0.000000000000000000e+00,4.145399901546752207e-04,0.000000000000000000e+00,0.000000000000000000e+00,0.000000000000000000e+00,0.000000000000000000e+00,0.000000000000000000e+00
3.053058065469621573e-04,0.000000000000000000e+00,0.000000000000000000e+00,0.000000000000000000e+00,0.000000000000000000e+00,0.000000000000000000e+00,0.000000000000000000e+00,0.000000000000000000e+00,4.946122593181417025e-03,0.000000000000000000e+00,0.000000000000000000e+00,0.000000000000000000e+00,2.708682534361381115e-03,4.814538389546386271e-02,0.000000000000000000e+00,0.000000000000000000e+00,2.289687041412112340e-03,2.297584687832295372e-02
7.597974175960009544e-04,6.153280045791851768e-03,0.000000000000000000e+00,0.000000000000000000e+00,0.000000000000000000e+00,3.387288963864455021e-02,0.000000000000000000e+00,0.000000000000000000e+00,0.000000000000000000e+00,1.892059553349876092e-02,0.000000000000000000e+00,0.000000000000000000e+00,0.000000000000000000e+00,0.000000000000000000e+00,0.000000000000000000e+00,1.392559609307670310e-01,0.000000000000000000e+00,0.000000000000000000e+00
3.833108466277070016e-04,1.836759767384716149e-02,0.000000000000000000e+00,0.000000000000000000e+00,0.000000000000000000e+00,8.530907432006333557e-02,0.000000000000000000e+00,0.000000000000000000e+00,0.000000000000000000e+00,1.900812165197857334e-03,0.000000000000000000e+00,0.000000000000000000e+00,2.397408490603155501e-02,2.090956612650287532e-04,0.000000000000000000e+00,0.000000000000000000e+00,0.000000000000000000e+00,0.000000000000000000e+00
1.377073731281720380e-04,0.000000000000000000e+00,0.000000000000000000e+00,1.240048609905508364e-03,0.000000000000000000e+00,6.577004644170626572e-03,1.181695562062045624e-01,2.689581904492946630e-05,4.886531855876054221e-04,0.000000000000000000e+00,0.000000000000000000e+00,0.000000000000000000e+00,4.124793366744509276e-02,7.157963234097933572e-03,0.000000000000000000e+00,0.000000000000000000e+00,0.000000000000000000e+00,0.000000000000000000e+00
1.558359847319612849e-04,0.000000000000000000e+00,0.000000000000000000e+00,7.769713371878460284e-02,0.000000000000000000e+00,1.596806387225548974e-04,1.008430715145991335e-01,3.066298710821368199e-03,0.000000000000000000e+00,0.000000000000000000e+00,0.000000000000000000e+00,0.000000000000000000e+00,0.000000000000000000e+00,0.000000000000000000e+00,0.000000000000000000e+00,0.000000000000000000e+00,0.000000000000000000e+00,0.000000000000000000e+00
1.788098648625010482e-04,0.000000000000000000e+00,0.000000000000000000e+00,0.000000000000000000e+00,1.525624747101257117e-01,0.000000000000000000e+00,2.274146794574077868e-03,3.375960425218398064e-02,0.000000000000000000e+00,0.000000000000000000e+00,0.000000000000000000e+00,0.000000000000000000e+00,0.000000000000000000e+00,0.000000000000000000e+00,2.292263610315186176e-02,0.000000000000000000e+00,0.000000000000000000e+00,0.000000000000000000e+00
1.734788884066430651e-03,0.000000000000000000e+00,0.000000000000000000e+00,0.000000000000000000e+00,7.711861986232897842e-04,0.000000000000000000e+00,0.000000000000000000e+00,2.229663398824652601e-02,0.000000000000000000e+00,0.000000000000000000e+00,0.000000000000000000e+00,0.000000000000000000e+00,0.000000000000000000e+00,0.000000000000000000e+00,0.000000000000000000e+00,0.000000000000000000e+00,0.000000000000000000e+00,0.000000000000000000e+00
1.889784905731910084e-03,0.000000000000000000e+00,0.000000000000000000e+00,0.000000000000000000e+00,0.000000000000000000e+00,0.000000000000000000e+00,0.000000000000000000e+00,0.000000000000000000e+00,0.000000000000000000e+00,0.000000000000000000e+00,0.000000000000000000e+00,0.000000000000000000e+00,0.000000000000000000e+00,0.000000000000000000e+00,0.000000000000000000e+00,0.000000000000000000e+00,0.000000000000000000e+00,0.000000000000000000e+00
2.257887339844276940e-04,0.000000000000000000e+00,0.000000000000000000e+00,0.000000000000000000e+00,4.732170358132893086e-03,7.377545912049113860e-04,9.710923180809672567e-03,8.262390285751996383e-03,9.298000929800092663e-04,0.000000000000000000e+00,0.000000000000000000e+00,0.000000000000000000e+00,2.241517017494138678e-03,9.604170954242985392e-04,2.477492497499166335e-01,0.000000000000000000e+00,9.784735812133071864e-03,4.742616189483202412e-03
1.788607059068262164e-04,0.000000000000000000e+00,1.664590158891298688e-01,0.000000000000000000e+00,0.000000000000000000e+00,0.000000000000000000e+00,0.000000000000000000e+00,0.000000000000000000e+00,0.000000000000000000e+00,0.000000000000000000e+00,0.000000000000000000e+00,0.000000000000000000e+00,0.000000000000000000e+00,0.000000000000000000e+00,0.000000000000000000e+00,1.001778519835940656e-02,2.048718526561635743e-05,0.000000000000000000e+00
3.231329309566695644e-04,0.000000000000000000e+00,0.000000000000000000e+00,0.000000000000000000e+00,0.000000000000000000e+00,0.000000000000000000e+00,0.000000000000000000e+00,0.000000000000000000e+00,1.943892202341506587e-02,6.053160996279086277e-04,6.130076113212706845e-02,0.000000000000000000e+00,5.848580780168481826e-03,3.792188092529389255e-04,0.000000000000000000e+00,0.000000000000000000e+00,3.248105271924710442e-03,2.140530479292694285e-02
2.229317370384069472e-04,0.000000000000000000e+00,0.000000000000000000e+00,0.000000000000000000e+00,5.443658138268917240e-04,0.000000000000000000e+00,0.000000000000000000e+00,0.000000000000000000e+00,0.000000000000000000e+00,1.388238152255019274e-04,0.000000000000000000e+00,0.000000000000000000e+00,0.000000000000000000e+00,2.842431443815381879e-03,2.239508497250160962e-02,0.000000000000000000e+00,9.844740242426729127e-04,8.731816521323729208e-02
2.284272347473789114e-04,0.000000000000000000e+00,0.000000000000000000e+00,4.828107010658974456e-03,1.080433884003021740e-02,0.000000000000000000e+00,5.235602094240837667e-02,1.028243127147766313e-02,0.000000000000000000e+00,0.000000000000000000e+00,0.000000000000000000e+00,0.000000000000000000e+00,3.242662755215632020e-02,3.248523662014316752e-03,8.694157231623155652e-03,0.000000000000000000e+00,0.000000000000000000e+00,2.862477826533470215e-02
1.030623118626665472e-04,0.000000000000000000e+00,0.000000000000000000e+00,0.000000000000000000e+00,0.000000000000000000e+00,0.000000000000000000e+00,0.000000000000000000e+00,0.000000000000000000e+00,2.937116339178194677e-03,0.000000000000000000e+00,0.000000000000000000e+00,0.000000000000000000e+00,0.000000000000000000e+00,1.418892554361320894e-03,1.790418702202214996e-03,0.000000000000000000e+00,1.246818016520338660e-04,7.974215565456441168e-02
7.583930041162266478e-05,0.000000000000000000e+00,0.000000000000000000e+00,0.000000000000000000e+00,0.000000000000000000e+00,0.000000000000000000e+00,0.000000000000000000e+00,0.000000000000000000e+00,5.610692073574169436e-02,0.000000000000000000e+00,0.000000000000000000e+00,0.000000000000000000e+00,0.000000000000000000e+00,5.834871940538749469e-02,0.000000000000000000e+00,0.000000000000000000e+00,4.159560750384759618e-04,3.225531026762420744e-04
9.460520309177579792e-05,0.000000000000000000e+00,0.000000000000000000e+00,4.541925944180888464e-02,0.000000000000000000e+00,0.000000000000000000e+00,0.000000000000000000e+00,6.199748911504661397e-02,4.479826513724818882e-03,0.000000000000000000e+00,0.000000000000000000e+00,7.451312447078746459e-02,0.000000000000000000e+00,0.000000000000000000e+00,0.000000000000000000e+00,0.000000000000000000e+00,2.023553840986126381e-02,2.977076510866329324e-04
1.976847137808213951e-03,1.127153118627742274e-03,0.000000000000000000e+00,0.000000000000000000e+00,0.000000000000000000e+00,0.000000000000000000e+00,0.000000000000000000e+00,0.000000000000000000e+00,0.000000000000000000e+00,0.000000000000000000e+00,0.000000000000000000e+00,0.000000000000000000e+00,0.000000000000000000e+00,0.000000000000000000e+00,0.000000000000000000e+00,0.000000000000000000e+00,0.000000000000000000e+00,0.000000000000000000e+00
1.377537708068967521e-04,0.000000000000000000e+00,0.000000000000000000e+00,0.000000000000000000e+00,0.000000000000000000e+00,0.000000000000000000e+00,0.000000000000000000e+00,2.213552475028361080e-04,0.000000000000000000e+00,7.047557564019797660e-02,1.058030682889803901e-03,0.000000000000000000e+00,0.000000000000000000e+00,0.000000000000000000e+00,0.000000000000000000e+00,0.000000000000000000e+00,0.000000000000000000e+00,3.260372178157413398e-02
1.820834133188184998e-04,0.000000000000000000e+00,0.000000000000000000e+00,3.981362784735233140e-02,0.000000000000000000e+00,0.000000000000000000e+00,0.000000000000000000e+00,1.124694376528117407e-01,1.512880896310568818e-03,0.000000000000000000e+00,0.000000000000000000e+00,1.017018102922232110e-03,5.814256661625906257e-03,1.386577925679423307e-04,0.000000000000000000e+00,0.000000000000000000e+00,2.443593711818847986e-04,1.861140320674477172e-05
2.239353231243837363e-03,0.000000000000000000e+00,0.000000000000000000e+00,0.000000000000000000e+00,0.000000000000000000e+00,0.000000000000000000e+00,0.000000000000000000e+00,0.000000000000000000e+00,0.000000000000000000e+00,0.000000000000000000e+00,0.000000000000000000e+00,0.000000000000000000e+00,0.000000000000000000e+00,0.000000000000000000e+00,0.000000000000000000e+00,0.000000000000000000e+00,0.000000000000000000e+00,0.000000000000000000e+00
1.839975872992425840e-04,4.458791485927570027e-03,1.248235894664144335e-01,0.000000000000000000e+00,0.000000000000000000e+00,1.673970547593667257e-02,0.000000000000000000e+00,0.000000000000000000e+00,0.000000000000000000e+00,0.000000000000000000e+00,0.000000000000000000e+00,1.362101190281011232e-01,0.000000000000000000e+00,0.000000000000000000e+00,0.000000000000000000e+00,0.000000000000000000e+00,7.256967192460817050e-04,0.000000000000000000e+00
1.636423614014007792e-04,0.000000000000000000e+00,0.000000000000000000e+00,0.000000000000000000e+00,0.000000000000000000e+00,0.000000000000000000e+00,0.000000000000000000e+00,0.000000000000000000e+00,0.000000000000000000e+00,0.000000000000000000e+00,0.000000000000000000e+00,0.000000000000000000e+00,6.657068512330105783e-03,9.281664620959728315e-03,0.000000000000000000e+00,1.053562219111471229e-02,8.784471851630887285e-02,2.442185944280588546e-03
1.921641425274639913e-04,0.000000000000000000e+00,0.000000000000000000e+00,0.000000000000000000e+00,4.572994806693594927e-02,0.000000000000000000e+00,0.000000000000000000e+00,4.585997637763206125e-02,9.785559765959609205e-03,1.575051189163647909e-03,0.000000000000000000e+00,0.000000000000000000e+00,0.000000000000000000e+00,0.000000000000000000e+00,5.451354062186559990e-02,0.000000000000000000e+00,5.565403800964670040e-04,2.728821055206872691e-03
7.265900845256738350e-04,0.000000000000000000e+00,0.000000000000000000e+00,0.000000000000000000e+00,0.000000000000000000e+00,0.000000000000000000e+00,0.000000000000000000e+00,0.000000000000000000e+00,0.000000000000000000e+00,0.000000000000000000e+00,0.000000000000000000e+00,0.000000000000000000e+00,0.000000000000000000e+00,0.000000000000000000e+00,0.000000000000000000e+00,0.000000000000000000e+00,0.000000000000000000e+00,0.000000000000000000e+00
1.924806182710768596e-04,1.907682176445166938e-02,0.000000000000000000e+00,0.000000000000000000e+00,0.000000000000000000e+00,9.699769053117783535e-02,0.000000000000000000e+00,0.000000000000000000e+00,0.000000000000000000e+00,0.000000000000000000e+00,0.000000000000000000e+00,0.000000000000000000e+00,0.000000000000000000e+00,0.000000000000000000e+00,0.000000000000000000e+00,4.676470588235294434e-02,6.168333830226891486e-05,0.000000000000000000e+00
1.618785298512759189e-03,0.000000000000000000e+00,0.000000000000000000e+00,0.000000000000000000e+00,0.000000000000000000e+00,0.000000000000000000e+00,0.000000000000000000e+00,0.000000000000000000e+00,0.000000000000000000e+00,0.000000000000000000e+00,0.000000000000000000e+00,0.000000000000000000e+00,0.000000000000000000e+00,0.000000000000000000e+00,0.000000000000000000e+00,0.000000000000000000e+00,0.000000000000000000e+00,0.000000000000000000e+00
5.905869452084744646e-04,0.000000000000000000e+00,0.000000000000000000e+00,0.000000000000000000e+00,0.000000000000000000e+00,0.000000000000000000e+00,0.000000000000000000e+00,0.000000000000000000e+00,0.000000000000000000e+00,6.587700795067337467e-02,0.000000000000000000e+00,0.000000000000000000e+00,0.000000000000000000e+00,0.000000000000000000e+00,0.000000000000000000e+00,1.447613020606731797e-02,0.000000000000000000e+00,3.824128337747014590e-05
2.009461321758836247e-04,0.000000000000000000e+00,0.000000000000000000e+00,0.000000000000000000e+00,9.970580055912529882e-02,0.000000000000000000e+00,7.547425244952871322e-03,7.101568951279934108e-03,0.000000000000000000e+00,0.000000000000000000e+00,0.000000000000000000e+00,0.000000000000000000e+00,5.367614497926759032e-05,0.000000000000000000e+00,0.000000000000000000e+00,0.000000000000000000e+00,0.000000000000000000e+00,0.000000000000000000e+00
5.272442452488913540e-04,9.340036962699469533e-04,2.211456590034939496e-01,0.000000000000000000e+00,0.000000000000000000e+00,0.000000000000000000e+00,0.000000000000000000e+00,0.000000000000000000e+00,0.000000000000000000e+00,0.000000000000000000e+00,0.000000000000000000e+00,0.000000000000000000e+00,0.000000000000000000e+00,0.000000000000000000e+00,0.000000000000000000e+00,0.000000000000000000e+00,0.000000000000000000e+00,0.000000000000000000e+00
3.865865172038290961e-04,0.000000000000000000e+00,0.000000000000000000e+00,9.535342438391052056e-02,0.000000000000000000e+00,0.000000000000000000e+00,2.034719686659806903e-02,1.219165278172877663e-03,0.000000000000000000e+00,0.000000000000000000e+00,0.000000000000000000e+00,0.000000000000000000e+00,0.000000000000000000e+00,0.000000000000000000e+00,0.000000000000000000e+00,0.000000000000000000e+00,0.000000000000000000e+00,0.000000000000000000e+00
1.769382393186905622e-04,0.000000000000000000e+00,0.000000000000000000e+00,0.000000000000000000e+00,0.000000000000000000e+00,0.000000000000000000e+00,0.000000000000000000e+00,0.000000000000000000e+00,0.000000000000000000e+00,0.000000000000000000e+00,0.000000000000000000e+00,0.000000000000000000e+00,0.000000000000000000e+00,3.122285606967627018e-03,0.000000000000000000e+00,0.000000000000000000e+00,2.805938100055747203e-02,6.234980350764765533e-02
1.855404497460322018e-03,0.000000000000000000e+00,0.000000000000000000e+00,0.000000000000000000e+00,0.000000000000000000e+00,0.000000000000000000e+00,0.000000000000000000e+00,0.000000000000000000e+00,0.000000000000000000e+00,2.223264377399127977e-03,0.000000000000000000e+00,0.000000000000000000e+00,0.000000000000000000e+00,0.000000000000000000e+00,0.000000000000000000e+00,1.095330242067983455e-02,0.000000000000000000e+00,0.000000000000000000e+00
4.858857478534782691e-05,0.000000000000000000e+00,0.000000000000000000e+00,3.081626710666795881e-03,0.000000000000000000e+00,2.396308531277856549e-02,7.194451546918946561e-02,0.000000000000000000e+00,0.000000000000000000e+00,0.000000000000000000e+00,0.000000000000000000e+00,0.000000000000000000e+00,8.881595815599199750e-02,2.445355191256830610e-02,0.000000000000000000e+00,0.000000000000000000e+00,2.411769434842029106e-04,0.000000000000000000e+00
7.615931400203091199e-04,0.000000000000000000e+00,0.000000000000000000e+00,0.000000000000000000e+00,0.000000000000000000e+00,0.000000000000000000e+00,0.000000000000000000e+00,0.000000000000000000e+00,0.000000000000000000e+00,0.000000000000000000e+00,0.000000000000000000e+00,0.000000000000000000e+00,0.000000000000000000e+00,0.000000000000000000e+00,0.000000000000000000e+00,0.000000000000000000e+00,0.000000000000000000e+00,0.000000000000000000e+00
2.986982651850973703e-04,0.000000000000000000e+00,0.000000000000000000e+00,0.000000000000000000e+00,0.000000000000000000e+00,0.000000000000000000e+00,6.349309188681384782e-03,0.000000000000000000e+00,4.792694685497135738e-03,0.000000000000000000e+00,0.000000000000000000e+00,0.000000000000000000e+00,5.740795936086669216e-02,4.772249232785076567e-02,0.000000000000000000e+00,0.000000000000000000e+00,1.939701038763617935e-02,1.148999258710155756e-02
2.307094347521639597e-04,0.000000000000000000e+00,0.000000000000000000e+00,1.175885272204878207e-01,0.000000000000000000e+00,0.000000000000000000e+00,1.743984409836336208e-02,0.000000000000000000e+00,0.000000000000000000e+00,0.000000000000000000e+00,0.000000000000000000e+00,0.000000000000000000e+00,0.000000000000000000e+00,0.000000000000000000e+00,0.000000000000000000e+00,0.000000000000000000e+00,0.000000000000000000e+00,0.000000000000000000e+00
1.804705583506351887e-04,3.383458646616541166e-02,2.570222140627868336e-03,0.000000000000000000e+00,0.000000000000000000e+00,7.229915044484580555e-02,0.000000000000000000e+00,0.000000000000000000e+00,0.000000000000000000e+00,0.000000000000000000e+00,0.000000000000000000e+00,0.000000000000000000e+00,0.000000000000000000e+00,0.000000000000000000e+00,0.000000000000000000e+00,8.737724894272812237e-02,4.797240055933777933e-03,0.000000000000000000e+00
3.357025312651335620e-04,0.000000000000000000e+00,0.000000000000000000e+00,0.000000000000000000e+00,1.147837573947504408e-01,0.000000000000000000e+00,1.949814618644067632e-02,5.406647473068137283e-03,0.000000000000000000e+00,0.000000000000000000e+00,0.000000000000000000e+00,0.000000000000000000e+00,2.636991719845999528e-04,0.000000000000000000e+00,0.000000000000000000e+00,0.000000000000000000e+00,0.000000000000000000e+00,0.000000000000000000e+00
2.064369771728342669e-04,0.000000000000000000e+00,0.000000000000000000e+00,0.000000000000000000e+00,0.000000000000000000e+00,3.543779304328862831e-03,2.011397921555481069e-04,8.193699045434061007e-05,0.000000000000000000e+00,0.000000000000000000e+00,0.000000000000000000e+00,0.000000000000000000e+00,5.135307905391008065e-02,3.965898921388535947e-02,1.571689312512674838e-03,0.000000000000000000e+00,0.000000000000000000e+00,1.241484868812652888e-02
2.701690159871057446e-04,3.368029964966834378e-02,0.000000000000000000e+00,0.000000000000000000e+00,0.000000000000000000e+00,1.243643453745421901e-01,0.000000000000000000e+00,0.000000000000000000e+00,0.000000000000000000e+00,0.000000000000000000e+00,0.000000000000000000e+00,0.000000000000000000e+00,9.481359338366010525e-03,5.488097688138848795e-04,0.000000000000000000e+00,0.000000000000000000e+00,0.000000000000000000e+00,0.000000000000000000e+00
2.456836016567761163e-04,0.000000000000000000e+00,0.000000000000000000e+00,0.000000000000000000e+00,0.000000000000000000e+00,0.000000000000000000e+00,0.000000000000000000e+00,0.000000000000000000e+00,0.000000000000000000e+00,1.070303550973654080e-02,0.000000000000000000e+00,0.000000000000000000e+00,0.000000000000000000e+00,0.000000000000000000e+00,0.000000000000000000e+00,0.000000000000000000e+00,0.000000000000000000e+00,6.060721496323949464e-02
8.361512928260163757e-05,8.785889392113682694e-02,0.000000000000000000e+00,0.000000000000000000e+00,0.000000000000000000e+00,9.463247863247863101e-03,0.000000000000000000e+00,0.000000000000000000e+00,0.000000000000000000e+00,0.000000000000000000e+00,0.000000000000000000e+00,0.000000000000000000e+00,0.000000000000000000e+00,0.000000000000000000e+00,0.000000000000000000e+00,0.000000000000000000e+00,0.000000000000000000e+00,0.000000000000000000e+00
1.271805682093306517e-03,8.342892898112420560e-05,0.000000000000000000e+00,0.000000000000000000e+00,0.000000000000000000e+00,9.567404841436760385e-03,0.000000000000000000e+00,0.000000000000000000e+00,0.000000000000000000e+00,8.201397803451718378e-04,0.000000000000000000e+00,0.000000000000000000e+00,0.000000000000000000e+00,0.000000000000000000e+00,0.000000000000000000e+00,1.204447189623224224e-02,0.000000000000000000e+00,0.000000000000000000e+00
1.678791723686438636e-04,0.000000000000000000e+00,0.000000000000000000e+00,0.000000000000000000e+00,0.000000000000000000e+00,0.000000000000000000e+00,0.000000000000000000e+00,0.000000000000000000e+00,0.000000000000000000e+00,0.000000000000000000e+00,8.153651023736184500e-04,0.000000000000000000e+00,0.000000000000000000e+00,2.598813995794646233e-04,0.000000000000000000e+00,0.000000000000000000e+00,5.419097647571787663e-02,3.123963967377404657e-02
3.511656821717329641e-04,1.416144042079708627e-04,1.636215629522431159e-01,0.000000000000000000e+00,0.000000000000000000e+00,0.000000000000000000e+00,0.000000000000000000e+00,0.000000000000000000e+00,0.000000000000000000e+00,0.000000000000000000e+00,0.000000000000000000e+00,0.000000000000000000e+00,0.000000000000000000e+00,0.000000000000000000e+00,0.000000000000000000e+00,6.282468656923183292e-02,0.000000000000000000e+00,0.000000000000000000e+00
1.030487858228202469e-04,0.000000000000000000e+00,0.000000000000000000e+00,0.000000000000000000e+00,0.000000000000000000e+00,0.000000000000000000e+00,0.000000000000000000e+00,0.000000000000000000e+00,3.950423778009985037e-02,0.000000000000000000e+00,0.000000000000000000e+00,1.044570702614955673e-02,0.000000000000000000e+00,1.923099446025555367e-02,0.000000000000000000e+00,0.000000000000000000e+00,5.949204059553861446e-02,0.000000000000000000e+00
2.731179524512336262e-04,0.000000000000000000e+00,0.000000000000000000e+00,0.000000000000000000e+00,1.199943398896278525e-02,0.000000000000000000e+00,0.000000000000000000e+00,0.000000000000000000e+00,0.000000000000000000e+00,0.000000000000000000e+00,0.000000000000000000e+00,0.000000000000000000e+00,0.000000000000000000e+00,2.306645445528567859e-05,2.091680814940577171e-01,0.000000000000000000e+00,0.000000000000000000e+00,2.374957025914534864e-02
1.616592000526121222e-04,8.558362148513948275e-02,7.453134219962780083e-02,0.000000000000000000e+00,0.000000000000000000e+00,0.000000000000000000e+00,0.000000000000000000e+00,0.000000000000000000e+00,0.000000000000000000e+00,0.000000000000000000e+00,0.000000000000000000e+00,0.000000000000000000e+00,0.000000000000000000e+00,0.000000000000000000e+00,0.000000000000000000e+00,0.000000000000000000e+00,0.000000000000000000e+00,0.000000000000000000e+00
3.214772397679011972e-04,0.000000000000000000e+00,0.000000000000000000e+00,0.000000000000000000e+00,0.000000000000000000e+00,0.000000000000000000e+00,0.000000000000000000e+00,0.000000000000000000e+00,0.000000000000000000e+00,0.000000000000000000e+00,2.401418407882038863e-02,0.000000000000000000e+00,0.000000000000000000e+00,0.000000000000000000e+00,0.000000000000000000e+00,0.000000000000000000e+00,7.007060818145165182e-02,5.567298256208953397e-03
1.195394119561770871e-03,0.000000000000000000e+00,0.000000000000000000e+00,0.000000000000000000e+00,5.752416014726185274e-05,0.000000000000000000e+00,0.000000000000000000e+00,1.583756345177664976e-02,2.228879915476242139e-03,2.646581934201579570e-02,2.560461504326603036e-02,0.000000000000000000e+00,0.000000000000000000e+00,0.000000000000000000e+00,0.000000000000000000e+00,0.000000000000000000e+00,0.000000000000000000e+00,6.573448900825437213e-04
8.324842479889594258e-04,0.000000000000000000e+00,0.000000000000000000e+00,1.315636222459477811e-01,0.000000000000000000e+00,0.000000000000000000e+00,0.000000000000000000e+00,0.000000000000000000e+00,0.000000000000000000e+00,0.000000000000000000e+00,0.000000000000000000e+00,0.000000000000000000e+00,0.000000000000000000e+00,0.000000000000000000e+00,0.000000000000000000e+00,0.000000000000000000e+00,0.000000000000000000e+00,0.000000000000000000e+00
7.669591285633466007e-04,0.000000000000000000e+00,0.000000000000000000e+00,0.000000000000000000e+00,0.000000000000000000e+00,0.000000000000000000e+00,0.000000000000000000e+00,6.677436725901992297e-03,1.254712365823476908e-02,2.274851978809597913e-02,4.376030786146234419e-02,0.000000000000000000e+00,0.000000000000000000e+00,0.000000000000000000e+00,0.000000000000000000e+00,0.000000000000000000e+00,0.000000000000000000e+00,2.668063689262259799e-02
1.993011820018394161e-04,0.000000000000000000e+00,0.000000000000000000e+00,0.000000000000000000e+00,0.000000000000000000e+00,0.000000000000000000e+00,0.000000000000000000e+00,0.000000000000000000e+00,3.158784276014803272e-02,0.000000000000000000e+00,0.000000000000000000e+00,0.000000000000000000e+00,0.000000000000000000e+00,8.057523527545733255e-02,3.027474329540580963e-04,0.000000000000000000e+00,0.000000000000000000e+00,2.470998773931906266e-03
2.066715386728447878e-04,5.000806581706727059e-03,1.548154815481548111e-02,0.000000000000000000e+00,0.000000000000000000e+00,7.782643573861469655e-02,0.000000000000000000e+00,0.000000000000000000e+00,0.000000000000000000e+00,0.000000000000000000e+00,0.000000000000000000e+00,2.291250695558246734e-03,5.717519064826841191e-02,5.023003070881422970e-03,0.000000000000000000e+00,2.061785053770806217e-02,1.226969144445899489e-02,0.000000000000000000e+00
2.582316606920219675e-04,0.000000000000000000e+00,0.000000000000000000e+00,9.618594300550164025e-03,5.294243222087810508e-03,6.769683590875643850e-03,2.296967413208381853e-02,2.994477507908423208e-02,6.731402709747644382e-03,0.000000000000000000e+00,0.000000000000000000e+00,0.000000000000000000e+00,2.518799450729091588e-02,4.199256092049918204e-02,0.000000000000000000e+00,0.000000000000000000e+00,0.000000000000000000e+00,0.000000000000000000e+00
1.280126107005255163e-04,0.000000000000000000e+00,0.000000000000000000e+00,3.979848866498740187e-03,1.163128816516429212e-04,0.000000000000000000e+00,7.999731327243417289e-02,4.357280597382349324e-02,2.926672227343898435e-03,0.000000000000000000e+00,0.000000000000000000e+00,0.000000000000000000e+00,8.962389970658842658e-03,0.000000000000000000e+00,0.000000000000000000e+00,0.000000000000000000e+00,0.000000000000000000e+00,0.000000000000000000e+00
2.199664057197744688e-04,0.000000000000000000e+00,0.000000000000000000e+00,0.000000000000000000e+00,3.427784723880702034e-03,2.907629885148619447e-04,1.578565087563554153e-02,6.090940388231243577e-03,0.000000000000000000e+00,0.000000000000000000e+00,0.000000000000000000e+00,0.000000000000000000e+00,5.841076205368104200e-03,9.172313372086356761e-05,2.400402462688354943e-01,0.000000000000000000e+00,0.000000000000000000e+00,1.109713693866982293e-02
2.326392061045357181e-03,5.271481286241434154e-04,6.049606775559588436e-05,0.000000000000000000e+00,0.000000000000000000e+00,0.000000000000000000e+00,0.000000000000000000e+00,0.000000000000000000e+00,0.000000000000000000e+00,0.000000000000000000e+00,0.000000000000000000e+00,0.000000000000000000e+00,0.000000000000000000e+00,0.000000000000000000e+00,0.000000000000000000e+00,0.000000000000000000e+00,0.000000000000000000e+00,0.000000000000000000e+00
2.313241020761338238e-04,0.000000000000000000e+00,0.000000000000000000e+00,0.000000000000000000e+00,7.318522711192868013e-02,0.000000000000000000e+00,3.255102372969630230e-05,6.775186977562693003e-02,2.551725119968103334e-02,0.000000000000000000e+00,0.000000000000000000e+00,0.000000000000000000e+00,2.679849095876154445e-03,9.226581782114271434e-05,4.850836769342711471e-04,0.000000000000000000e+00,0.000000000000000000e+00,5.575016492757124730e-05
2.168143900993711043e-03,6.316347113836874756e-04,0.000000000000000000e+00,0.000000000000000000e+00,0.000000000000000000e+00,0.000000000000000000e+00,0.000000000000000000e+00,0.000000000000000000e+00,0.000000000000000000e+00,0.000000000000000000e+00,0.000000000000000000e+00,0.000000000000000000e+00,0.000000000000000000e+00,0.000000000000000000e+00,0.000000000000000000e+00,0.000000000000000000e+00,0.000000000000000000e+00,0.000000000000000000e+00
3.259899717577972216e-04,0.000000000000000000e+00,0.000000000000000000e+00,1.223440113854835183e-03,1.072795832014046824e-01,0.000000000000000000e+00,0.000000000000000000e+00,2.405819482261145267e-02,0.000000000000000000e+00,0.000000000000000000e+00,0.000000000000000000e+00,0.000000000000000000e+00,0.000000000000000000e+00,0.000000000000000000e+00,0.000000000000000000e+00,0.000000000000000000e+00,0.000000000000000000e+00,0.000000000000000000e+00
7.912226771806616515e-04,2.186775119812795713e-03,1.989684252414405247e-02,0.000000000000000000e+00,0.000000000000000000e+00,2.318049198319012752e-02,0.000000000000000000e+00,0.000000000000000000e+00,0.000000000000000000e+00,2.480235622384126346e-03,0.000000000000000000e+00,0.000000000000000000e+00,0.000000000000000000e+00,0.000000000000000000e+00,0.000000000000000000e+00,1.642331838565022351e-01,0.000000000000000000e+00,0.000000000000000000e+00
2.980151381972319228e-04,0.000000000000000000e+00,0.000000000000000000e+00,1.568103406385149834e-01,0.000000000000000000e+00,0.000000000000000000e+00,0.000000000000000000e+00,1.315183796935621811e-02,1.403449679311748373e-04,0.000000000000000000e+00,0.000000000000000000e+00,1.955289056898911555e-04,0.000000000000000000e+00,0.000000000000000000e+00,0.000000000000000000e+00,0.000000000000000000e+00,0.000000000000000000e+00,3.681580134193595578e-05
2.204890057048287832e-05,0.000000000000000000e+00,0.000000000000000000e+00,0.000000000000000000e+00,0.000000000000000000e+00,0.000000000000000000e+00,0.000000000000000000e+00,0.000000000000000000e+00,0.000000000000000000e+00,0.000000000000000000e+00,9.038998906572712211e-03,0.000000000000000000e+00,6.599741022820623110e-03,2.993007335562168636e-02,0.000000000000000000e+00,0.000000000000000000e+00,1.478640079717986801e-03,5.264491976524265579e-04
1.467971962707679190e-04,0.000000000000000000e+00,0.000000000000000000e+00,0.000000000000000000e+00,0.000000000000000000e+00,0.000000000000000000e+00,0.000000000000000000e+00,0.000000000000000000e+00,1.309222948438634737e-01,0.000000000000000000e+00,0.000000000000000000e+00,0.000000000000000000e+00,9.272382869934960676e-04,4.804931500427755790e-03,0.000000000000000000e+00,0.000000000000000000e+00,5.175204379336295103e-03,5.647271426689004590e-04
1.975875077258562595e-03,1.188634197825619212e-03,0.000000000000000000e+00,0.000000000000000000e+00,0.000000000000000000e+00,0.000000000000000000e+00,0.000000000000000000e+00,0.000000000000000000e+00,0.000000000000000000e+00,0.000000000000000000e+00,0.000000000000000000e+00,0.000000000000000000e+00,0.000000000000000000e+00,0.000000000000000000e+00,0.000000000000000000e+00,0.000000000000000000e+00,0.000000000000000000e+00,0.000000000000000000e+00
1.769328209410687383e-04,0.000000000000000000e+00,0.000000000000000000e+00,0.000000000000000000e+00,0.000000000000000000e+00,0.000000000000000000e+00,0.000000000000000000e+00,0.000000000000000000e+00,8.707767328456984042e-05,0.000000000000000000e+00,0.000000000000000000e+00,0.000000000000000000e+00,1.935219135107946187e-02,9.496035510581732342e-02,0.000000000000000000e+00,0.000000000000000000e+00,4.141981350780485696e-03,0.000000000000000000e+00
2.377746495617933005e-04,0.000000000000000000e+00,0.000000000000000000e+00,0.000000000000000000e+00,8.960322571612578182e-03,0.000000000000000000e+00,1.254059616064825272e-02,1.173365010228997612e-01,3.200766380682698586e-02,0.000000000000000000e+00,0.000000000000000000e+00,0.000000000000000000e+00,0.000000000000000000e+00,7.546134321190917094e-04,2.148335159338827377e-02,0.000000000000000000e+00,2.420965561764883763e-04,1.716199632770186142e-03
5.345888719980405185e-04,0.000000000000000000e+00,0.000000000000000000e+00,0.000000000000000000e+00,2.028915594273634007e-02,0.000000000000000000e+00,0.000000000000000000e+00,3.870622828120823256e-02,2.284474142608298260e-04,1.869575657781894287e-02,0.000000000000000000e+00,0.000000000000000000e+00,0.000000000000000000e+00,0.000000000000000000e+00,4.634390000243658603e-02,0.000000000000000000e+00,2.036888042448746752e-05,2.515032485060595194e-02
1.548837982602067160e-03,0.000000000000000000e+00,0.000000000000000000e+00,0.000000000000000000e+00,0.000000000000000000e+00,0.000000000000000000e+00,0.000000000000000000e+00,0.000000000000000000e+00,0.000000000000000000e+00,0.000000000000000000e+00,0.000000000000000000e+00,0.000000000000000000e+00,0.000000000000000000e+00,0.000000000000000000e+00,0.000000000000000000e+00,0.000000000000000000e+00,0.000000000000000000e+00,0.000000000000000000e+00
3.597253448380628108e-05,1.020816280009532590e-01,9.376904683763889997e-05,0.000000000000000000e+00,0.000000000000000000e+00,9.813542688910696036e-04,0.000000000000000000e+00,0.000000000000000000e+00,0.000000000000000000e+00,0.000000000000000000e+00,0.000000000000000000e+00,0.000000000000000000e+00,0.000000000000000000e+00,0.000000000000000000e+00,0.000000000000000000e+00,0.000000000000000000e+00,0.000000000000000000e+00,0.000000000000000000e+00
6.254191401912648164e-05,0.000000000000000000e+00,2.171451615404898288e-04,0.000000000000000000e+00,0.000000000000000000e+00,9.350881468843935673e-02,0.000000000000000000e+00,0.000000000000000000e+00,0.000000000000000000e+00,0.000000000000000000e+00,0.000000000000000000e+00,5.640953321111268201e-04,4.250138936671341711e-02,6.907856222924716426e-03,0.000000000000000000e+00,0.000000000000000000e+00,0.000000000000000000e+00,0.000000000000000000e+00
2.968310530648697230e-04,0.000000000000000000e+00,0.000000000000000000e+00,0.000000000000000000e+00,0.000000000000000000e+00,0.000000000000000000e+00,0.000000000000000000e+00,0.000000000000000000e+00,1.769885827856842444e-03,0.000000000000000000e+00,0.000000000000000000e+00,0.000000000000000000e+00,0.000000000000000000e+00,4.214963119072707813e-03,0.000000000000000000e+00,0.000000000000000000e+00,1.225767907542077775e-02,7.166571049686344674e-02
3.098310594293890853e-04,0.000000000000000000e+00,0.000000000000000000e+00,7.539311946288397570e-02,0.000000000000000000e+00,0.000000000000000000e+00,2.808553628556996126e-02,7.949888290362816263e-04,0.000000000000000000e+00,0.000000000000000000e+00,0.000000000000000000e+00,0.000000000000000000e+00,0.000000000000000000e+00,0.000000000000000000e+00,0.000000000000000000e+00,0.000000000000000000e+00,0.000000000000000000e+00,0.000000000000000000e+00
1.251507254268932959e-03,0.000000000000000000e+00,0.000000000000000000e+00,0.000000000000000000e+00,0.000000000000000000e+00,0.000000000000000000e+00,0.000000000000000000e+00,0.000000000000000000e+00,0.000000000000000000e+00,0.000000000000000000e+00,0.000000000000000000e+00,0.000000000000000000e+00,0.000000000000000000e+00,0.000000000000000000e+00,0.000000000000000000e+00,0.000000000000000000e+00,0.000000000000000000e+00,0.000000000000000000e+00
1.843521625253848734e-04,0.000000000000000000e+00,0.000000000000000000e+00,0.000000000000000000e+00,0.000000000000000000e+00,1.034671362441803022e-01,2.331314384601570686e-02,0.000000000000000000e+00,0.000000000000000000e+00,0.000000000000000000e+00,0.000000000000000000e+00,9.711241559499168841e-02,1.251939854722812799e-03,6.703884785649062966e-04,0.000000000000000000e+00,0.000000000000000000e+00,0.000000000000000000e+00,0.000000000000000000e+00
5.210039434944006885e-04,0.000000000000000000e+00,0.000000000000000000e+00,0.000000000000000000e+00,5.067582002820070902e-02,0.000000000000000000e+00,0.000000000000000000e+00,7.195171026156942096e-02,0.000000000000000000e+00,0.000000000000000000e+00,0.000000000000000000e+00,0.000000000000000000e+00,0.000000000000000000e+00,0.000000000000000000e+00,1.496161487331681798e-02,0.000000000000000000e+00,0.000000000000000000e+00,4.665745959463999033e-04
7.524158362318185845e-04,8.445347452283487322e-02,5.745744854501476373e-02,0.000000000000000000e+00,0.000000000000000000e+00,0.000000000000000000e+00,0.000000000000000000e+00,0.000000000000000000e+00,0.000000000000000000e+00,0.000000000000000000e+00,0.000000000000000000e+00,0.000000000000000000e+00,0.000000000000000000e+00,0.000000000000000000e+00,0.000000000000000000e+00,0.000000000000000000e+00,0.000000000000000000e+00,0.000000000000000000e+00
1.568436066705845258e-04,0.000000000000000000e+00,0.000000000000000000e+00,0.000000000000000000e+00,0.000000000000000000e+00,0.000000000000000000e+00,0.000000000000000000e+00,0.000000000000000000e+00,0.000000000000000000e+00,0.000000000000000000e+00,9.374999999999999653e-04,0.000000000000000000e+00,0.000000000000000000e+00,7.127617171930318227e-03,0.000000000000000000e+00,0.000000000000000000e+00,9.109658258914760109e-02,4.293017256799630706e-03
2.187394579733448966e-04,0.000000000000000000e+00,0.000000000000000000e+00,0.000000000000000000e+00,0.000000000000000000e+00,0.000000000000000000e+00,0.000000000000000000e+00,2.718203810921743000e-05,0.000000000000000000e+00,8.026638626007711816e-03,0.000000000000000000e+00,0.000000000000000000e+00,0.000000000000000000e+00,0.000000000000000000e+00,1.909595718485389065e-03,0.000000000000000000e+00,3.546267548248011742e-02,5.207548591230978102e-02
3.094582261368417596e-04,0.000000000000000000e+00,0.000000000000000000e+00,0.000000000000000000e+00,0.000000000000000000e+00,0.000000000000000000e+00,0.000000000000000000e+00,0.000000000000000000e+00,1.703616932043328092e-02,0.000000000000000000e+00,0.000000000000000000e+00,0.000000000000000000e+00,1.253463517614460988e-02,0.000000000000000000e+00,1.992528019925280205e-04,0.000000000000000000e+00,0.000000000000000000e+00,7.048797199252883339e-02
1.173163464448934027e-04,6.581402097757141356e-02,4.727954971857410704e-02,0.000000000000000000e+00,0.000000000000000000e+00,0.000000000000000000e+00,0.000000000000000000e+00,0.000000000000000000e+00,0.000000000000000000e+00,0.000000000000000000e+00,0.000000000000000000e+00,0.000000000000000000e+00,0.000000000000000000e+00,0.000000000000000000e+00,0.000000000000000000e+00,0.000000000000000000e+00,0.000000000000000000e+00,0.000000000000000000e+00
1.687967947400197263e-04,2.504097150826046711e-02,0.000000000000000000e+00,0.000000000000000000e+00,0.000000000000000000e+00,9.688931501012038039e-02,3.746660585130644205e-02,2.668267627243012621e-04,0.000000000000000000e+00,0.000000000000000000e+00,0.000000000000000000e+00,0.000000000000000000e+00,3.540928973130597849e-03,0.000000000000000000e+00,5.780066057897804976e-03,0.000000000000000000e+00,0.000000000000000000e+00,0.000000000000000000e+00
1.588074017861295262e-04,0.000000000000000000e+00,0.000000000000000000e+00,0.000000000000000000e+00,0.000000000000000000e+00,0.000000000000000000e+00,0.000000000000000000e+00,0.000000000000000000e+00,3.561197055842037912e-02,0.000000000000000000e+00,0.000000000000000000e+00,0.000000000000000000e+00,1.871235443715700553e-02,4.754808033496558083e-03,2.759150243153314641e-02,0.000000000000000000e+00,0.000000000000000000e+00,2.952694309852744656e-02
1.025433106937537892e-03,0.000000000000000000e+00,0.000000000000000000e+00,0.000000000000000000e+00,0.000000000000000000e+00,0.000000000000000000e+00,0.000000000000000000e+00,0.000000000000000000e+00,0.000000000000000000e+00,2.121131506606366984e-02,0.000000000000000000e+00,0.000000000000000000e+00,0.000000000000000000e+00,0.000000000000000000e+00,0.000000000000000000e+00,7.556963474676539616e-02,0.000000000000000000e+00,0.000000000000000000e+00
7.517202486055507972e-05,0.000000000000000000e+00,0.000000000000000000e+00,0.000000000000000000e+00,1.388420782039930246e-01,0.000000000000000000e+00,0.000000000000000000e+00,6.804642218367154723e-03,0.000000000000000000e+00,0.000000000000000000e+00,0.000000000000000000e+00,0.000000000000000000e+00,0.000000000000000000e+00,0.000000000000000000e+00,4.248188852200483062e-02,0.000000000000000000e+00,0.000000000000000000e+00,3.739191399859780323e-05
2.154875608590338767e-04,0.000000000000000000e+00,4.559091893229408332e-02,0.000000000000000000e+00,0.000000000000000000e+00,9.237875288683602623e-03,0.000000000000000000e+00,0.000000000000000000e+00,0.000000000000000000e+00,0.000000000000000000e+00,0.000000000000000000e+00,1.977375407137603736e-01,0.000000000000000000e+00,0.000000000000000000e+00,0.000000000000000000e+00,0.000000000000000000e+00,9.190817407038068612e-03,0.000000000000000000e+00
1.505118423553742160e-03,0.000000000000000000e+00,0.000000000000000000e+00,0.000000000000000000e+00,0.000000000000000000e+00,0.000000000000000000e+00,0.000000000000000000e+00,0.000000000000000000e+00,0.000000000000000000e+00,0.000000000000000000e+00,0.000000000000000000e+00,0.000000000000000000e+00,0.000000000000000000e+00,0.000000000000000000e+00,0.000000000000000000e+00,0.000000000000000000e+00,0.000000000000000000e+00,0.000000000000000000e+00
2.708417768905225804e-04,0.000000000000000000e+00,0.000000000000000000e+00,0.000000000000000000e+00,0.000000000000000000e+00,0.000000000000000000e+00,0.000000000000000000e+00,0.000000000000000000e+00,3.337309702340376938e-02,0.000000000000000000e+00,0.000000000000000000e+00,0.000000000000000000e+00,3.192359101467706715e-03,8.575867426204039634e-02,0.000000000000000000e+00,0.000000000000000000e+00,0.000000000000000000e+00,2.201981226579601686e-02
7.582768838319814539e-05,3.689808707124010712e-02,0.000000000000000000e+00,0.000000000000000000e+00,0.000000000000000000e+00,8.145531327404881283e-02,1.206521197214697680e-02,0.000000000000000000e+00,0.000000000000000000e+00,0.000000000000000000e+00,0.000000000000000000e+00,0.000000000000000000e+00,0.000000000000000000e+00,0.000000000000000000e+00,1.451415129751507669e-03,8.876396183149641225e-03,2.265495474157905016e-04,6.205690430073152256e-04
1.380519221056612333e-04,0.000000000000000000e+00,0.000000000000000000e+00,0.000000000000000000e+00,0.000000000000000000e+00,0.000000000000000000e+00,0.000000000000000000e+00,0.000000000000000000e+00,8.738585223052387427e-03,0.000000000000000000e+00,0.000000000000000000e+00,0.000000000000000000e+00,1.032083289068309734e-01,5.966643175945501865e-03,0.000000000000000000e+00,0.000000000000000000e+00,0.000000000000000000e+00,8.033415993286628642e-03
3.130696204273717819e-03,0.000000000000000000e+00,8.566367569765078946e-03,0.000000000000000000e+00,0.000000000000000000e+00,0.000000000000000000e+00,0.000000000000000000e+00,0.000000000000000000e+00,0.000000000000000000e+00,0.000000000000000000e+00,0.000000000000000000e+00,0.000000000000000000e+00,0.000000000000000000e+00,0.000000000000000000e+00,0.000000000000000000e+00,0.000000000000000000e+00,0.000000000000000000e+00,0.000000000000000000e+00
1.027251824303643973e-04,0.000000000000000000e+00,0.000000000000000000e+00,0.000000000000000000e+00,2.916907097518753669e-02,0.000000000000000000e+00,0.000000000000000000e+00,1.629128823361707351e-04,0.000000000000000000e+00,0.000000000000000000e+00,0.000000000000000000e+00,0.000000000000000000e+00,0.000000000000000000e+00,2.343127606729462445e-05,1.323470411233701183e-01,0.000000000000000000e+00,1.960258894339778069e-02,1.097174258748694411e-02
9.430431126255972335e-05,0.000000000000000000e+00,0.000000000000000000e+00,1.353540173022111173e-02,1.038784173391478216e-01,0.000000000000000000e+00,2.655740446525629156e-02,5.452414056323437333e-05,0.000000000000000000e+00,0.000000000000000000e+00,0.000000000000000000e+00,0.000000000000000000e+00,0.000000000000000000e+00,0.000000000000000000e+00,0.000000000000000000e+00,0.000000000000000000e+00,0.000000000000000000e+00,0.000000000000000000e+00
2.134003566607752238e-03,0.000000000000000000e+00,0.000000000000000000e+00,0.000000000000000000e+00,0.000000000000000000e+00,0.000000000000000000e+00,0.000000000000000000e+00,0.000000000000000000e+00,0.000000000000000000e+00,2.214386700052804399e-03,0.000000000000000000e+00,0.000000000000000000e+00,0.000000000000000000e+00,0.000000000000000000e+00,0.000000000000000000e+00,2.959015531325596970e-02,0.000000000000000000e+00,0.000000000000000000e+00
1.817705521013210574e-04,0.000000000000000000e+00,0.000000000000000000e+00,1.411764705882353034e-03,0.000000000000000000e+00,4.326497788500201225e-02,1.609142556894683357e-02,0.000000000000000000e+00,0.000000000000000000e+00,0.000000000000000000e+00,0.000000000000000000e+00,0.000000000000000000e+00,6.927813441635005676e-02,2.200403871596685532e-02,0.000000000000000000e+00,0.000000000000000000e+00,8.176782027433103538e-05,0.000000000000000000e+00
1.833986326433040715e-04,0.000000000000000000e+00,0.000000000000000000e+00,1.570576540755467057e-02,8.113369596335527623e-02,0.000000000000000000e+00,5.789022298456261012e-02,5.795226350759444603e-03,1.325323767953094992e-03,0.000000000000000000e+00,0.000000000000000000e+00,0.000000000000000000e+00,0.000000000000000000e+00,0.000000000000000000e+00,0.000000000000000000e+00,0.000000000000000000e+00,0.000000000000000000e+00,0.000000000000000000e+00
3.739062068916357349e-04,1.066999294529021453e-01,0.000000000000000000e+00,0.000000000000000000e+00,0.000000000000000000e+00,0.000000000000000000e+00,0.000000000000000000e+00,0.000000000000000000e+00,0.000000000000000000e+00,0.000000000000000000e+00,0.000000000000000000e+00,0.000000000000000000e+00,0.000000000000000000e+00,0.000000000000000000e+00,0.000000000000000000e+00,0.000000000000000000e+00,0.000000000000000000e+00,0.000000000000000000e+00
5.501694249660275208e-04,9.367968909797504129e-02,0.000000000000000000e+00,0.000000000000000000e+00,0.000000000000000000e+00,1.795356190629312588e-03,0.000000000000000000e+00,0.000000000000000000e+00,0.000000000000000000e+00,0.000000000000000000e+00,0.000000000000000000e+00,0.000000000000000000e+00,0.000000000000000000e+00,0.000000000000000000e+00,0.000000000000000000e+00,0.000000000000000000e+00,0.000000000000000000e+00,0.000000000000000000e+00
6.427316386350752798e-04,0.000000000000000000e+00,0.000000000000000000e+00,0.000000000000000000e+00,0.000000000000000000e+00,0.000000000000000000e+00,0.000000000000000000e+00,0.000000000000000000e+00,0.000000000000000000e+00,0.000000000000000000e+00,7.745784100034415476e-02,0.000000000000000000e+00,0.000000000000000000e+00,0.000000000000000000e+00,0.000000000000000000e+00,0.000000000000000000e+00,1.186311469418018134e-02,0.000000000000000000e+00
2.990876368901107096e-04,0.000000000000000000e+00,0.000000000000000000e+00,2.215935291698343731e-02,0.000000000000000000e+00,0.000000000000000000e+00,8.379009422245772831e-03,7.139380171994158530e-02,2.966432474629196112e-02,0.000000000000000000e+00,0.000000000000000000e+00,0.000000000000000000e+00,1.952068797235448610e-03,0.000000000000000000e+00,0.000000000000000000e+00,0.000000000000000000e+00,0.000000000000000000e+00,0.000000000000000000e+00
1.981374753300212295e-03,8.195209899813559395e-05,0.000000000000000000e+00,0.000000000000000000e+00,0.000000000000000000e+00,7.250755287009063438e-04,0.000000000000000000e+00,0.000000000000000000e+00,0.000000000000000000e+00,0.000000000000000000e+00,0.000000000000000000e+00,0.000000000000000000e+00,0.000000000000000000e+00,0.000000000000000000e+00,0.000000000000000000e+00,2.678054429646786489e-03,0.000000000000000000e+00,0.000000000000000000e+00
1.409253547552831161e-04,0.000000000000000000e+00,0.000000000000000000e+00,0.000000000000000000e+00,0.000000000000000000e+00,7.708614887245938962e-02,5.300650843506136273e-02,7.964637011668193427e-05,0.000000000000000000e+00,0.000000000000000000e+00,0.000000000000000000e+00,1.454108858057630849e-01,0.000000000000000000e+00,0.000000000000000000e+00,0.000000000000000000e+00,0.000000000000000000e+00,3.647342505724301227e-04,0.000000000000000000e+00
1.422324171654115927e-04,0.000000000000000000e+00,0.000000000000000000e+00,0.000000000000000000e+00,1.134623021501106284e-04,0.000000000000000000e+00,6.592689295039164642e-03,5.584726174729781785e-03,9.905088132448440497e-03,0.000000000000000000e+00,0.000000000000000000e+00,0.000000000000000000e+00,1.119570318610835918e-01,1.527546681456831180e-02,0.000000000000000000e+00,0.000000000000000000e+00,0.000000000000000000e+00,1.005015773164217793e-02
1.050105593951391775e-04,0.000000000000000000e+00,0.000000000000000000e+00,0.000000000000000000e+00,2.239428579792450413e-02,0.000000000000000000e+00,1.127037043304621525e-02,2.956234516928158557e-02,5.303632988597189318e-03,0.000000000000000000e+00,0.000000000000000000e+00,0.000000000000000000e+00,2.697226285208196433e-02,0.000000000000000000e+00,0.000000000000000000e+00,0.000000000000000000e+00,0.000000000000000000e+00,1.573037977088359921e-02
3.589766767215774837e-04,0.000000000000000000e+00,0.000000000000000000e+00,0.000000000000000000e+00,0.000000000000000000e+00,3.835091083413230857e-03,0.000000000000000000e+00,0.000000000000000000e+00,0.000000000000000000e+00,0.000000000000000000e+00,0.000000000000000000e+00,1.080861987434979504e-03,2.299000208289939465e-02,2.739694409823200880e-02,0.000000000000000000e+00,4.806569213888790826e-02,5.669012652048330270e-02,0.000000000000000000e+00
1.772514457577361571e-04,0.000000000000000000e+00,0.000000000000000000e+00,0.000000000000000000e+00,0.000000000000000000e+00,0.000000000000000000e+00,0.000000000000000000e+00,0.000000000000000000e+00,9.763651889482291568e-02,0.000000000000000000e+00,0.000000000000000000e+00,0.000000000000000000e+00,0.000000000000000000e+00,2.430701631374748879e-03,0.000000000000000000e+00,0.000000000000000000e+00,3.043889597301633210e-03,2.914855055451736829e-02
1.649443110415471582e-04,0.000000000000000000e+00,0.000000000000000000e+00,0.000000000000000000e+00,0.000000000000000000e+00,0.000000000000000000e+00,0.000000000000000000e+00,0.000000000000000000e+00,1.387073347857661620e-01,0.000000000000000000e+00,0.000000000000000000e+00,8.485662765618923447e-04,2.013431708900162952e-03,2.039166051401047723e-03,0.000000000000000000e+00,0.000000000000000000e+00,4.536035710972051850e-04,0.000000000000000000e+00
1.076260164499234301e-04,0.000000000000000000e+00,0.000000000000000000e+00,0.000000000000000000e+00,0.000000000000000000e+00,0.000000000000000000e+00,0.000000000000000000e+00,0.000000000000000000e+00,1.141449641044126094e-03,0.000000000000000000e+00,0.000000000000000000e+00,0.000000000000000000e+00,7.975418231478320630e-03,5.485125389773781029e-02,0.000000000000000000e+00,0.000000000000000000e+00,0.000000000000000000e+00,5.251110811902518112e-03
1.973334707214968590e-04,3.064795902657319743e-02,1.325013481241814946e-03,0.000000000000000000e+00,0.000000000000000000e+00,8.373044719058772567e-02,0.000000000000000000e+00,0.000000000000000000e+00,0.000000000000000000e+00,0.000000000000000000e+00,0.000000000000000000e+00,3.472704542297541251e-04,7.788858774307291961e-03,1.164930919596467905e-04,0.000000000000000000e+00,3.060889844404766219e-02,2.666283815657238777e-04,0.000000000000000000e+00
7.031484036830070903e-05,0.000000000000000000e+00,0.000000000000000000e+00,1.313890409595381420e-02,0.000000000000000000e+00,0.000000000000000000e+00,9.044346044544313012e-02,0.000000000000000000e+00,0.000000000000000000e+00,0.000000000000000000e+00,0.000000000000000000e+00,0.000000000000000000e+00,6.177585843690752004e-02,2.611087797827202090e-03,0.000000000000000000e+00,0.000000000000000000e+00,0.000000000000000000e+00,0.000000000000000000e+00
4.364055539167398484e-04,6.545735708544861420e-02,5.242591494473079761e-02,0.000000000000000000e+00,0.000000000000000000e+00,1.131071190951430522e-02,0.000000000000000000e+00,0.000000000000000000e+00,0.000000000000000000e+00,0.000000000000000000e+00,0.000000000000000000e+00,0.000000000000000000e+00,0.000000000000000000e+00,0.000000000000000000e+00,0.000000000000000000e+00,1.024481576995089557e-02,0.000000000000000000e+00,0.000000000000000000e+00
3.013994169379666742e-04,0.000000000000000000e+00,0.000000000000000000e+00,0.000000000000000000e+00,0.000000000000000000e+00,0.000000000000000000e+00,0.000000000000000000e+00,1.998220762334907211e-03,6.473060644669976355e-03,0.000000000000000000e+00,0.000000000000000000e+00,0.000000000000000000e+00,5.018284707578144106e-03,4.789882258559260454e-03,2.901797077839433914e-03,0.000000000000000000e+00,4.355310367712632411e-04,6.095818469137671836e-02
2.192446616596626643e-04,0.000000000000000000e+00,0.000000000000000000e+00,0.000000000000000000e+00,0.000000000000000000e+00,0.000000000000000000e+00,0.000000000000000000e+00,1.030914550070230999e-04,0.000000000000000000e+00,0.000000000000000000e+00,0.000000000000000000e+00,1.395262309314151128e-01,0.000000000000000000e+00,0.000000000000000000e+00,0.000000000000000000e+00,0.000000000000000000e+00,1.291274636030504130e-01,0.000000000000000000e+00
3.778703441293742335e-04,8.210013980220576268e-02,0.000000000000000000e+00,0.000000000000000000e+00,0.000000000000000000e+00,0.000000000000000000e+00,0.000000000000000000e+00,0.000000000000000000e+00,0.000000000000000000e+00,0.000000000000000000e+00,0.000000000000000000e+00,0.000000000000000000e+00,0.000000000000000000e+00,0.000000000000000000e+00,0.000000000000000000e+00,0.000000000000000000e+00,0.000000000000000000e+00,0.000000000000000000e+00
1.916006773584575567e-03,0.000000000000000000e+00,0.000000000000000000e+00,0.000000000000000000e+00,0.000000000000000000e+00,0.000000000000000000e+00,0.000000000000000000e+00,0.000000000000000000e+00,0.000000000000000000e+00,0.000000000000000000e+00,0.000000000000000000e+00,0.000000000000000000e+00,0.000000000000000000e+00,0.000000000000000000e+00,0.000000000000000000e+00,0.000000000000000000e+00,0.000000000000000000e+00,0.000000000000000000e+00
7.875242679603963345e-04,6.460157308368885687e-02,5.582165988853743377e-02,0.000000000000000000e+00,0.000000000000000000e+00,0.000000000000000000e+00,0.000000000000000000e+00,0.000000000000000000e+00,0.000000000000000000e+00,0.000000000000000000e+00,0.000000000000000000e+00,0.000000000000000000e+00,0.000000000000000000e+00,0.000000000000000000e+00,0.000000000000000000e+00,0.000000000000000000e+00,0.000000000000000000e+00,0.000000000000000000e+00
2.184324314166875749e-03,0.000000000000000000e+00,0.000000000000000000e+00,0.000000000000000000e+00,1.416651319610704276e-04,0.000000000000000000e+00,0.000000000000000000e+00,8.007687379884689339e-04,0.000000000000000000e+00,0.000000000000000000e+00,0.000000000000000000e+00,0.000000000000000000e+00,0.000000000000000000e+00,0.000000000000000000e+00,0.000000000000000000e+00,0.000000000000000000e+00,0.000000000000000000e+00,0.000000000000000000e+00
5.792720707761614407e-04,8.129998678875214658e-05,1.194347040697056606e-01,0.000000000000000000e+00,0.000000000000000000e+00,0.000000000000000000e+00,0.000000000000000000e+00,0.000000000000000000e+00,0.000000000000000000e+00,0.000000000000000000e+00,0.000000000000000000e+00,0.000000000000000000e+00,0.000000000000000000e+00,0.000000000000000000e+00,0.000000000000000000e+00,8.284356853774414720e-02,1.279369656600938153e-03,0.000000000000000000e+00
1.509960473706355199e-04,0.000000000000000000e+00,0.000000000000000000e+00,8.300198807157058156e-03,0.000000000000000000e+00,0.000000000000000000e+00,6.656550996173637991e-02,2.655022304882815112e-02,2.480660356973075908e-02,0.000000000000000000e+00,0.000000000000000000e+00,0.000000000000000000e+00,3.397317906915593017e-02,2.142125360901555534e-03,0.000000000000000000e+00,0.000000000000000000e+00,0.000000000000000000e+00,0.000000000000000000e+00
1.063214073453505663e-04,0.000000000000000000e+00,0.000000000000000000e+00,0.000000000000000000e+00,2.044929168395471630e-03,0.000000000000000000e+00,0.000000000000000000e+00,1.392311655040864241e-03,3.579898867856983304e-04,4.755447066268872480e-02,1.394764982100516143e-04,0.000000000000000000e+00,0.000000000000000000e+00,0.000000000000000000e+00,3.942803070129324156e-02,0.000000000000000000e+00,2.101016892175812948e-05,2.190794450242729979e-02
3.130144506717902732e-04,0.000000000000000000e+00,0.000000000000000000e+00,1.480615139600856105e-02,0.000000000000000000e+00,0.000000000000000000e+00,1.761284779591567110e-02,6.286863451701285577e-02,1.768890043140140464e-02,0.000000000000000000e+00,0.000000000000000000e+00,0.000000000000000000e+00,1.606277649041499937e-03,2.098195551825430096e-04,3.234768803333994830e-02,0.000000000000000000e+00,0.000000000000000000e+00,3.411274073379879160e-03
5.477474534199941090e-05,0.000000000000000000e+00,0.000000000000000000e+00,0.000000000000000000e+00,0.000000000000000000e+00,0.000000000000000000e+00,0.000000000000000000e+00,0.000000000000000000e+00,1.330442349956487830e-02,0.000000000000000000e+00,5.939598848631607621e-03,0.000000000000000000e+00,1.074691026329930167e-04,7.169300868574683683e-02,0.000000000000000000e+00,0.000000000000000000e+00,1.329887022136990934e-02,2.851900791877786745e-04
1.254078794062277299e-04,0.000000000000000000e+00,0.000000000000000000e+00,0.000000000000000000e+00,1.464525614783636527e-02,0.000000000000000000e+00,0.000000000000000000e+00,1.016916961729952690e-01,2.199300750025387843e-02,0.000000000000000000e+00,0.000000000000000000e+00,0.000000000000000000e+00,5.557466853679836945e-04,0.000000000000000000e+00,6.009916361997295550e-04,0.000000000000000000e+00,0.000000000000000000e+00,2.407666914330320804e-03
1.299355037098854563e-04,0.000000000000000000e+00,0.000000000000000000e+00,8.156566284534851052e-03,1.355757384752027117e-01,0.000000000000000000e+00,0.000000000000000000e+00,1.416144042079708724e-02,0.000000000000000000e+00,0.000000000000000000e+00,0.000000000000000000e+00,0.000000000000000000e+00,0.000000000000000000e+00,0.000000000000000000e+00,3.963731853540107802e-04,0.000000000000000000e+00,0.000000000000000000e+00,0.000000000000000000e+00
3.172573924780184434e-04,0.000000000000000000e+00,0.000000000000000000e+00,0.000000000000000000e+00,0.000000000000000000e+00,0.000000000000000000e+00,0.000000000000000000e+00,0.000000000000000000e+00,3.201629920686894885e-04,0.000000000000000000e+00,0.000000000000000000e+00,0.000000000000000000e+00,0.000000000000000000e+00,9.343380989271544979e-03,0.000000000000000000e+00,0.000000000000000000e+00,2.830714595420477653e-02,4.876026048194814777e-02
2.819345571561552655e-04,0.000000000000000000e+00,0.000000000000000000e+00,0.000000000000000000e+00,0.000000000000000000e+00,0.000000000000000000e+00,0.000000000000000000e+00,0.000000000000000000e+00,2.861092920032016346e-02,0.000000000000000000e+00,0.000000000000000000e+00,0.000000000000000000e+00,2.892858090713659996e-03,2.720848886071789222e-02,0.000000000000000000e+00,0.000000000000000000e+00,7.556831086242851367e-03,3.503878014531952578e-02
1.409709789365052094e-04,0.000000000000000000e+00,0.000000000000000000e+00,2.637660771704180077e-02,0.000000000000000000e+00,1.126898579127878428e-02,1.023290054878864958e-01,6.190768391627463237e-03,0.000000000000000000e+00,0.000000000000000000e+00,0.000000000000000000e+00,0.000000000000000000e+00,0.000000000000000000e+00,0.000000000000000000e+00,0.000000000000000000e+00,0.000000000000000000e+00,0.000000000000000000e+00,0.000000000000000000e+00
7.354486066407769831e-04,7.153981616262380938e-02,2.757361333028988948e-02,0.000000000000000000e+00,0.000000000000000000e+00,3.036113774368807798e-03,0.000000000000000000e+00,0.000000000000000000e+00,0.000000000000000000e+00,0.000000000000000000e+00,0.000000000000000000e+00,0.000000000000000000e+00,0.000000000000000000e+00,0.000000000000000000e+00,0.000000000000000000e+00,0.000000000000000000e+00,0.000000000000000000e+00,0.000000000000000000e+00
1.690692942717813251e-03,4.296543328593495836e-04,4.936454644406628595e-03,0.000000000000000000e+00,0.000000000000000000e+00,4.825090470446320766e-04,0.000000000000000000e+00,0.000000000000000000e+00,0.000000000000000000e+00,0.000000000000000000e+00,0.000000000000000000e+00,0.000000000000000000e+00,0.000000000000000000e+00,0.000000000000000000e+00,0.000000000000000000e+00,6.482515215903771055e-02,0.000000000000000000e+00,0.000000000000000000e+00
2.595606037554628221e-04,0.000000000000000000e+00,0.000000000000000000e+00,0.000000000000000000e+00,0.000000000000000000e+00,0.000000000000000000e+00,0.000000000000000000e+00,0.000000000000000000e+00,6.054548878170309782e-03,0.000000000000000000e+00,0.000000000000000000e+00,0.000000000000000000e+00,0.000000000000000000e+00,7.343483243293809186e-03,0.000000000000000000e+00,0.000000000000000000e+00,7.395822615495421803e-02,1.413069009254474574e-02
2.034371449205350964e-03,6.853646098929118066e-03,0.000000000000000000e+00,0.000000000000000000e+00,0.000000000000000000e+00,0.000000000000000000e+00,0.000000000000000000e+00,0.000000000000000000e+00,0.000000000000000000e+00,0.000000000000000000e+00,0.000000000000000000e+00,0.000000000000000000e+00,0.000000000000000000e+00,0.000000000000000000e+00,0.000000000000000000e+00,0.000000000000000000e+00,0.000000000000000000e+00,0.000000000000000000e+00
1.471585912579369141e-04,0.000000000000000000e+00,0.000000000000000000e+00,0.000000000000000000e+00,0.000000000000000000e+00,0.000000000000000000e+00,0.000000000000000000e+00,0.000000000000000000e+00,1.744842756078711019e-02,0.000000000000000000e+00,0.000000000000000000e+00,0.000000000000000000e+00,0.000000000000000000e+00,4.799255041008559930e-03,0.000000000000000000e+00,0.000000000000000000e+00,4.840991250589406214e-03,4.665647688192586795e-02
1.741181320070152739e-03,0.000000000000000000e+00,0.000000000000000000e+00,0.000000000000000000e+00,0.000000000000000000e+00,0.000000000000000000e+00,0.000000000000000000e+00,0.000000000000000000e+00,0.000000000000000000e+00,0.000000000000000000e+00,0.000000000000000000e+00,0.000000000000000000e+00,0.000000000000000000e+00,0.000000000000000000e+00,0.000000000000000000e+00,0.000000000000000000e+00,0.000000000000000000e+00,0.000000000000000000e+00
5.643913143351830157e-04,9.627335520283623882e-02,7.800834933113934624e-03,0.000000000000000000e+00,0.000000000000000000e+00,0.000000000000000000e+00,0.000000000000000000e+00,0.000000000000000000e+00,0.000000000000000000e+00,0.000000000000000000e+00,0.000000000000000000e+00,0.000000000000000000e+00,0.000000000000000000e+00,0.000000000000000000e+00,0.000000000000000000e+00,0.000000000000000000e+00,0.000000000000000000e+00,0.000000000000000000e+00
2.644455830295936046e-04,0.000000000000000000e+00,0.000000000000000000e+00,0.000000000000000000e+00,1.747079735906551662e-02,0.000000000000000000e+00,0.000000000000000000e+00,3.904223660141425533e-03,1.556840752424348655e-02,2.118584320360970136e-02,0.000000000000000000e+00,0.000000000000000000e+00,0.000000000000000000e+00,0.000000000000000000e+00,5.801139962001266442e-02,0.000000000000000000e+00,0.000000000000000000e+00,2.385990100880341566e-02
1.646764480586818656e-04,0.000000000000000000e+00,0.000000000000000000e+00,4.369786780109758979e-04,0.000000000000000000e+00,0.000000000000000000e+00,3.661208785520798925e-02,1.613399323322987564e-02,0.000000000000000000e+00,0.000000000000000000e+00,0.000000000000000000e+00,9.260037437445085839e-02,0.000000000000000000e+00,0.000000000000000000e+00,0.000000000000000000e+00,0.000000000000000000e+00,0.000000000000000000e+00,0.000000000000000000e+00
3.409751305315679025e-04,0.000000000000000000e+00,0.000000000000000000e+00,0.000000000000000000e+00,0.000000000000000000e+00,0.000000000000000000e+00,0.000000000000000000e+00,0.000000000000000000e+00,0.000000000000000000e+00,1.140821878579610510e-01,0.000000000000000000e+00,0.000000000000000000e+00,0.000000000000000000e+00,0.000000000000000000e+00,0.000000000000000000e+00,0.000000000000000000e+00,0.000000000000000000e+00,0.000000000000000000e+00
1.045216554285630919e-03,0.000000000000000000e+00,2.233336478877669985e-03,0.000000000000000000e+00,0.000000000000000000e+00,8.223346079519756858e-05,0.000000000000000000e+00,0.000000000000000000e+00,0.000000000000000000e+00,5.328218243819267093e-04,0.000000000000000000e+00,0.000000000000000000e+00,0.000000000000000000e+00,0.000000000000000000e+00,0.000000000000000000e+00,1.039050535987748880e-01,0.000000000000000000e+00,0.000000000000000000e+00
2.809463907624049268e-04,0.000000000000000000e+00,0.000000000000000000e+00,3.843801869485454544e-03,1.285013451495489734e-01,0.000000000000000000e+00,0.000000000000000000e+00,4.739464846712165315e-03,0.000000000000000000e+00,0.000000000000000000e+00,0.000000000000000000e+00,0.000000000000000000e+00,0.000000000000000000e+00,0.000000000000000000e+00,1.497416955751328885e-03,0.000000000000000000e+00,0.000000000000000000e+00,9.393022862617647943e-05
